USE `RoleManagement_GroupD`;

CREATE TABLE IF NOT EXISTS `Employee`(
                                         `employeeID` mediumint NOT NULL AUTO_INCREMENT,
                                         `employeeName` varchar(255) NOT NULL,
    `employeeIDPhoto` mediumblob NOT NULL,
    PRIMARY KEY(`employeeID`)
    );

CREATE TABLE IF NOT EXISTS `Capability`(
                                           `capabilityID` mediumint NOT NULL AUTO_INCREMENT,
                                           `capabilityName` varchar(255) NOT NULL,
    `capabilityLeadID` mediumint,
    `capabilityLeadMessage` varchar(300),
    PRIMARY KEY(`capabilityID`),
    FOREIGN KEY(`capabilityLeadID`) REFERENCES Employee(`employeeID`)
    );

CREATE TABLE IF NOT EXISTS `Band`(
                                     `bandID` mediumint NOT NULL AUTO_INCREMENT,
                                     `bandName` varchar(255) NOT NULL,
    PRIMARY KEY(`bandID`)
    );

CREATE TABLE IF NOT EXISTS `JobFamily`(
                                          `jobFamilyID` mediumint NOT NULL AUTO_INCREMENT,
                                          `capabilityID` mediumint NOT NULL,
                                          `jobFamilyName` varchar(255) NOT NULL,
    `disciplineLeadID` mediumint NOT NULL,
    PRIMARY KEY(`jobFamilyID`),
    FOREIGN KEY(`disciplineLeadID`) REFERENCES Employee(`employeeID`),
    FOREIGN KEY(`capabilityID`) REFERENCES Capability(`capabilityID`)
    );

CREATE TABLE IF NOT EXISTS `Role`(
                                     `roleID` mediumint NOT NULL AUTO_INCREMENT,
                                     `roleName` varchar(255) NOT NULL,
    `capabilityID` mediumint NOT NULL,
    `jobFamilyID` mediumint NOT NULL,
    `bandID` mediumint NOT NULL,
    `specification` text NOT NULL,
    `roleSummary` text NOT NULL,
    PRIMARY KEY(`roleID`),
    FOREIGN KEY(`capabilityID`) REFERENCES Capability(capabilityID),
    FOREIGN KEY(`bandID`) REFERENCES Band(bandID),
    FOREIGN KEY(`jobFamilyID`) REFERENCES JobFamily(`jobFamilyID`)
    );

CREATE TABLE IF NOT EXISTS `Responsibility`(
                                               `responsibilityID` mediumint NOT NULL AUTO_INCREMENT,
                                               `roleID` mediumint NOT NULL,
                                               `responsibility` text,
                                               PRIMARY KEY(`responsibilityID`),
    FOREIGN KEY(`roleID`) REFERENCES Role(`roleID`)
    );

CREATE TABLE IF NOT EXISTS `Competency`(
  `competencyID` mediumint NOT NULL AUTO_INCREMENT,
  `competencyName` varchar(255) NOT NULL,
  `bandID` mediumint NOT NULL,
  `description` text,
  PRIMARY KEY(`competencyID`),
  FOREIGN KEY(`bandID`) REFERENCES Band(`bandID`)
);



CREATE VIEW `RoleListWithID` AS
SELECT R.roleID, R.roleName, C.capabilityName, JF.jobFamilyName, B.bandName, R.specification, R.roleSummary
FROM `Role` R
         LEFT JOIN `Capability` C
                   ON R.capabilityID = C.capabilityID
         LEFT JOIN `Band` B
                   ON R.bandID = B.bandID
         LEFT JOIN `JobFamily` JF
                   ON R.jobFamilyID = JF.jobFamilyID
ORDER BY C.capabilityName, JF.jobFamilyName, B.bandID;

CREATE VIEW `RoleListWithoutID` AS
SELECT R.roleName, C.capabilityName, JF.jobFamilyName, B.bandName, R.specification
FROM `Role` R
         LEFT JOIN `Capability` C
                   ON R.capabilityID = C.capabilityID
         LEFT JOIN `Band` B
                   ON R.bandID = B.bandID
         LEFT JOIN `JobFamily` JF
                   ON R.jobFamilyID = JF.jobFamilyID
ORDER BY C.capabilityName, JF.jobFamilyName, B.bandID;

CREATE VIEW `CapabilityLeads` AS
SELECT C.capabilityName, C.capabilityLeadMessage, E.employeeID, E.employeeName, E.employeeIDPhoto
FROM Capability C
         LEFT JOIN Employee E
                   ON C.capabilityLeadID = E.employeeID;

CREATE VIEW `JobFamilyFull` AS
    SELECT J.jobFamilyID, C.capabilityName, J.jobFamilyName, E.employeeName
    FROM JobFamily J
        LEFT JOIN Capability C USING (`capabilityID`)
        LEFT JOIN Employee E ON J.disciplineLeadID = E.employeeName;

INSERT INTO Band (`bandName`) VALUES ('Apprentice');
INSERT INTO Band (`bandName`) VALUES ('Trainee');
INSERT INTO Band (`bandName`) VALUES ('Associate');
INSERT INTO Band (`bandName`) VALUES ('Senior Associate');
INSERT INTO Band (`bandName`) VALUES ('Consultant');
INSERT INTO Band (`bandName`) VALUES ('Manager');
INSERT INTO Band (`bandName`) VALUES ('Principal');

INSERT INTO `Employee` (`employeeID`,`employeeName`,`employeeIDPhoto`) VALUES (1,'Peter','/9j/4AAQSkZJRgABAQAAAQABAAD/2wCEAAoHCBUVFRgWFRISERgYHBUYGBISEhEREhgYGBgZGRgYGBgcIS4lHB4rHxgYJjgmLDAxNjU1GiQ7QDs0Py40NTEBDAwMEA8QHhISHjYjISE0NDQxNDU0ND80MTQ0NDQ0MTQ0NDE0NDY1MTE0NDQ0NDQ0NDQ0NDQ0NDY2MTQxNDQ0Nf/AABEIAMIBAwMBIgACEQEDEQH/xAAcAAACAwEBAQEAAAAAAAAAAAACAwABBAUGBwj/xAA6EAACAQMCAwYEBAUEAgMAAAABAgADESESMQQFQSJRYXGBkQYTscEyQqHwFVJy0eEUI2KCkrIkQ6L/xAAZAQADAQEBAAAAAAAAAAAAAAAAAQIDBAX/xAArEQACAgEDBAEDAwUAAAAAAAAAAQIRAxIhMQRBUWGBE3GxIkLwBTKRocH/2gAMAwEAAhEDEQA/APIBIGjM06cygkwUjnsWftA0XvNBSQJDUFmZ0lCaSt4kpGpAmCBIBDVJLR2FidMGOO3vA05lWMJJoTY+X3mZY0bDzP2ksTGEfaA8vXB3kgLIizHMMQCk0TGhZMdSFx7/AEi9MNWt7D6QGyXhqIlZopC8TRLNCYAgtkQ1WQrYSGxCLQ2GYVoBMAAeDqlVDmBeUkUNVt4tjKEhOB6ykgAY4lK0kphmOhmmk98S2mdHsYav+/WTpFRckp3zJKodG8LKIjJdsTmMhF5IRFveURGANoBjXGIpd40NBKJRSXeFC6AVowYsr18Zo0ynSNSGmZykYoxGFJNEeoLE6cw1WGaf79JQisLFuOkC+DHP3xWmUmNAWktHfLlMkdhYq31jqOIurv6wkO0bdjNy2gVGtFF4p3vI0k0Gz3z5RZeKLyMdpaiVQ12x6xF5ciiVQFrIReVbMZaIAEWUywpbCACTIsYySgkdjKvJL0yR2B0VN/0jgsFEh3nJZkJdYJOIxmgERgC+3tMhvNj7RNsS4lIGkd45RFotjHgRSYmVaWBLkkiLIi2jjFGAAhpRHZ/f76SMISi8tDFqIB3j2WIdYJjQwHaQLLS140LiDExGmAyWmnTAcRqQJmVniWePqiZXmsdzREDQmMC8pzvLoqhivGrEIcR6SGSwgtz7QgM/r+sYqbS9ODM7JszkQgLn2jHWDt+kpMLCdYqG5lWzHYwNMkfiSAWdBsRbmEz3i2nKYgGQy9MkooB2goJKkEG0pIYxYZaILSaoaQobeGIpYxTFQi2i6hz7fSMUxb5MQEEYqwEEdE2Jg6cRWnPofpNBGIBWNSGmLppGiRBaWdo3IGwTM7maGEU6RRYIyu0y1Mmba6YmMCxnTE1iAgyfCRllKYbbzQooR1IwGXAPnLWTJCZtR5Km0UjdkeZ+0PXewmbiRRSyMMQS9jCLfSKgoWDvKLSr/eWoxLoqg9Mku0qTYjeVzC0TQ9EqSDggkEeINjLCTmMxGmJqLNjpEMhJAALE2AAFySeggthIyOIu06XMeXPR069ALg2VW1MLDN8WHSc5+kuMlJXF2i6BjEG0ErHIJTYmWqZHnCGCPOWptKtken1iTELLRdWsqjUxsJbnSCTsJ1fgnkY42s1SoA1KlYaG2dzlQR1AGT5iRlnHHB5JcL/fo0x49ToRy7lHG1lDLQVEI1K1aotPUvQhctY99p7PhvgqkUVm4hySAeyiAC4vbJN5OdcIyFuIYBmpK2g62VcgqpZRg2vv4Rf+tZQAHYAWAyRtieS/6hKS1JKn47ejphghKWmTUfbD4j4Gv+DiR4K9Ow/8lJ+k4XH/AA7xFDtPT1IN3pnWg87ZX1AnoaPOKg66xvm17CdThOfrcB+wc742wZUOtly06Fk6ZR4aftM+Zyp6/wCKOAov26QVH3ZUsFbrcr0PiPUdR5Az0YvVFS8nNPHKCTfD4Lg7mWdvWCPtLRmhbpMTJn1m4NMrkZm0DWJiqpaCIysMxbTcsZfHvJeUpltAQWvpBSpYwGMUcmFBRp13MZrxMamFqioKH3jUbFvKZbxqNFJAzXpki9ckzomj2KMtcBWslT8r2sr/APFvHx/ZwVKLIxVhpI6RYnf4dxXQXt8xLWY7HzHUHrOHI/pPV+38Er9X3OGyzscl4HSPmsMm4TwHVvX6ecztwBauEA0hrH+ldz9/0noKpCkKALDYdMeE5euzpY1GPf8AA4Rtni+b1TVqM17gdlfIfsn1nN+V+/SdrmHEfMctgAYUKAot328d4PD8rqOLqlh/MxCL7nf0nbiqEEntSJfO25yGT9+ksrNvE8KUwWRj3Iwe3naI0zRNS3RLFIsb8uGE28vuY0WAJOwBJ8gM/SNDONxatUqJw9MandkW18anwoPcOpPdPtXwz8PJwfDrRU62uWepa2t23NugwAB3AT5F8AOH5pTdj0rOP6vlsAPYn2E+4LXnL12WMUscuOTuxQaWxn47g1dHRgCrqysD1DCxnzn4ho/6dgiVGc2uVcKwUHa7fiv6z6gal583+NuHC8SWH50Rj5i6fRROLpccJZK7eB5708Hnl49h0HoSI/8AixIsy6h4m/72mQ04Pyp6kMcMbuKPOkr/AJQvjuKcEMnzLYOGBI9OsL5mrtWsTv5wzTlMTgHpgbbXJ+pMpy7HZPqnkxaJq2qp99gScSusMiLaCORCWSZKwtNdR7TI73m8DWIiobkyrSNKvNmyxj7+n+Zdsen3gBv36QnP2iQhTCUBYywf35CC7SkMHrCJgqJTCMA1MJWgdZZEloBweXEapIqFR7yhwKNg1qanFtyPc2jjw78O4LDBxcfhI8/1mBDOxywrUvTfJ02RuthnT9xPPyRlpak7TM402dThimX/ADabemTb9+E53Es73VAWZsDuA6knpi8HhnPaW99wSPA2h8RxZRLLbUx3tmw2/X7TxoQc8qXNf84NnsjPT4ZaYJVVquty1SpYUUtuc727z3dJy+J4t6mWqaxt2WunpbEJna5JZiTubm5i9M9iEJJ3J2YtqqQkLKdM+00MsEpNiRInO+IeL0UrdX7Itvbr9p19M8j8U1dddKdwqqouxuQNRySB3ACXj3kXBWzHyDm54aulUC+gnb/kLH9CZ9h5X8SpVF0qK3/G9mHmJ8JZRYnx3jPmspFmK9ldiR+UTHq+hj1FNumjuhl0qj9FpzYW/wAzx3OeYrxNQupDIBoVhkEKTcjwvf0tPmScdWK6PmvZsaS5AN8ZuZ7rldEpSpqRYqqgjx05/WYYOg+g3Ju3wjLqMuqKSD+XJ8qaBLtOqjjMwpzO6zc6zHVEekkU0RUGfQfSNaKrb47h9BGikYuJeZbx/EIYlCVIINrHe2rHXHUeHWbxqjWIJaxB6jOdsRxAR0fJQlXU96hsjzFiD4iHxPDXBdMWy9MG+kH86H8yG++4vnoTODdWBpOQqNlah/8ArfYN/ScBvCx/KINpqyhHEUijlD0Nr946HyIsfWLYGwPQkgelif8A2E6PG0GalqYaXoH5VRTvozob0sVv3BYHG8G3zEooCW0qoB72ZnJPo2/cJMZpqnzvfwBgti9sbX6X7os5vOrzrhRR0Ub3ZQXcnB11LWUjpZFTHeTOVNYu1YBtvIN5SNmWYwIRuYAMvVuPL7yWsYDLtJCkgI9lxPDNTPa26ObAHbIztmHwvEBWVwwNipuD+/GeT4XnDPhrk5N+hK7alvkeEFK7I+kdvAwNR3HQ3/TacVSlceH+QWJH0Fl0M3QMTb3v95j4qoSwB3AF/Pcj0vb0mBOYsWT8NiFJu3SwLfrM9DmKuNRbtXNwSACb/lY7zjw49E3Kh5IuqR0SJNMzJxNgxawIJKjcFRsTfY/2jw5K69NgWIuAQuobgToWRN1x9zBxaL0yikJlYbgj99e6TVKTUladioDTPnfxIx/1NXzUemlf7CfRWafO/iJf/kVfNf1UGbY+TTFycrVDDXI9B7C0hXB9PrBQ5m5uanzYDchRjvsBPpIa1h5Tw/w7wYqVRe9k7Z8bEWHv9DPbsJlN70YZH2DV4YaIURqiQZls0xVjNdQTO6XicgMgltTjClpLSGwM1WniZGo9MepAHXqZ1GSZ6lPEuM2NSM3COFZUqakF+xUUf7iE9V/nQ3N18SRnc+M4EgkWXVpLAU806ib66f3Xpm21gC1XT8JxuVYBkPmpwZv4DiVqL8rSKT3L0aiMdC1BnSAblQ1tr2vbAg5NPUuO5qnZq+GnV2UuofAoVVOz02BNNj4gqUv3Mk7XK+ADcfUqsLKiUwrNtcrYt6Kje5nn+Vt8rikJQolUOrUzjQ43S3g6oR4FZ3ua13agKVFdT1Lp2bbEnUSegC6hc4GqcXUSazJR2Ul/jyUjwvOeO+dXqVBs7sV/pGE//IEzUKLubIjOe5FZz7Cej/h/DcN2HDcbX606YLU0PcR1/wCwP9MTxPHcSRpHDfLTonyHZR6MNI9FE71m2SgtvL2QHLpcrqE2sFI3BOpx5ol2HqIFeiq4vqbqQw0j2vf3HlD4jiazCztU0/ym6J/4iy/pM6maR1PeTXwIWRmWN5DvLImiAZokitRkjACrwBpg3Ra2Aww4tfvsw1Dw/wAg5V5xUC6QUXcdmlRSwxcCyXHneenanncjf6YnL4zgVY76b72tm2xz5mc8b/duOMzOnHBhYAqbrdg1wb7WDfhyB1tAfjbu2oaTgabhQCoAN7nBNh/mM/0CWIOo33sBuL/pt7S+J4Is2pCEwBpYGxIOcx0rspys28u4tSbVNTA4DdoG5PRuu/lnrPScz4qgiItEMtzc0yx0npgdDe+Z4qtRq01XSSTpOtcGw65Pdc+8RUqOUV2dc9nSey+MXC/mFuov4yNKk/Q01VHq63NHYsKZLAZVagS4t0NtzY9IHAcxfXd6bFCMqrBGOMFbg4x3H+3EoK4pmrYMlyD33ABI/fdMy83dcXHU9pRcGxsLi1+kyeHtFKkS1Z7ZuLpsABhiSBm4I8xjqNpx3+HjxPEtnSmhWd8BrgFQFuMkkLnoDOG/FOoVw4Ia7C3QqRi3Tce4m3hueBQO2AxAFzi17Fhjpv6gS4RlBp8ruS41wcGvwjqWQowIJUg9CDteJXhH6IxPcBcz1tDmIAfUA+sG5Nj1N2GfERnBU7uCqX3YAFQbW3/UfvEt5ZW0lsdUPotPVafrgP4Z5eaVLW1tT72INguynuObkeM7JM08Oq0rtUS6uVUrbDEmw0kfmzjYxnEUBoV1AVCt7uwDA3ZWU+NxFkuk4q759HC4ycnaMYxaXqkenc9g6/DZvQHf0hjh3vp0m9ibHGLXvnwBPpFuxOLXYreCUjKaE7DV/T2vpLfs/iIW2TdlFvOSLS/Ahkg/Lj1AOzIfJlMIoEYhiuLgkMGXIxlTJtBpdmPRAde7fw3muoqCw1kmxJARrLboe/0mb+IqmFIRjftZ17XxcXUdLj3k6k1sr+BqErHLwHEEXNR6QtcfMqOl/ISqvJyReoyIcFOJp20atwHK4t44YeMzn4hNEqQ9VxaxVQWFxbshmtYdr9Js4X4vpEWam6avxa9BU+dj9pjP612lsu6N/p0uTqcz4cPTQuoRwyN2f51Cqc9xUtnuVT0l06hCsqEX2ze5IW+kAEFj4AjznJ4zm6llVCpXpdlVV8M/ht7Q24EMgZ/lltT2NZnang7oiYffdj9bTF45SmnLZI0cNjz3Hcye5VUKWJFqigsP+lgieQW/iYunzauBiq6+CHQPZbCegqBXH+8q1GVtPzGoBeyLroBDi6g5vvjuxM9Xk9J1LUw1PTbWquK2m4uCUvqAIB2LWttPQhOHDj80ZOLRyW5vxJAvWqN/UQ3XxmapxDt+J2Phew9hibX4S3VW8Vvb9QDBHCzZaF/akvgjUcxllOZ034SZ6nCy1JApI595Jr+RJHqRVnacXvMtZMR2qQi4mJknRgIIjErWxYH3H0jHSJKZvL5KTHOEbcd2Olgb28r2jFRNGgopGcDBN985tMFzHKxhpFuA3L0amEYsvWysQAc5sMFrYuZza/KO2FWppVrdrSGOB3Y7p19RhIlzJprhlKTR52vy10Ufhe+q+knFjne3d9YPD0daMLBXUqNWNL3NrHxGJ6d6AYEEAjumTmFIJRfSoWym1gBa8dtlKZy6tB6TFGIJtqsL4Ude4DcQV4xhpOog74uLHYzLR5iysrsA57SsTuy2GD7zPTqgkBjYDF8kARpPuWej4bnjhR2i1jsRchji+cWiuJ46ooQ1NYuCwLHssCTnxsb+0ocsASm6AuH0FlbO9sWGSpO81NwNVj2r0wC6fK1uVUq2cE7MQdvCS3peyE5mehzJ0YsLs2381u8nGRjrNic5rBy6vodbEl1VgpvbIPsRkGZX5K/So1r3sT34tj0xF1+T1RvUDnc6Sb46nHahrT9BrT7nUTjAzayAmoG5Ts9onJAHQ39InjOJCHDX8c39xbM57curhgmqn4ENdbYtcgHwl8Ry3iQDcLa4Fg4bUTjA94bc2W5Rqi6nMmUizHzazW8v8eMg5/U1AaVZb7G97WtjxG4JvMFbl9RXCOArEKfBQbgE28QZtq/DvEKBpVHufyONQv1N7C3rE4QbtkWkaqXPyGDWZjswqBCNrYOQcXtgfeaeO5mjIGOk6rG5XtLk4/T9Z56pwrJq1KQAdJNtQDDcX2veHw2tgURRUvZiLG/YINx7W64aChFU4lJ19jdx3MhqUFfyi66cLqJJsO/SReZRzEAsVUC/4BoDWGx28vczT/C2qB3Ysls7bk7g32G2Y3hfh3UAzvoscqASQtrixvvc7+UHpS3Jc0xC8WpS4AJIYsLi2tc/h3nY+Huamox4fW6rWUICxB0VSDoZelr2Uj82vO05HA8uLVGTViz6je9+gJAxqyY1+UvRamyuhIcFQCdVwVKscbAge8TUWqNNfY7nBc9K7uyOBZkVs3Fr4/6nvt5R38dRibknqAwBI3/Cd5xeb8kdq9V6bLZmaopN862LhB5XtOW/Kq6As4QBepf6AbxwqtmJzTe56vguecOrEOocHYGmGswIxq3se17jxnRTm3BMQGp001YW1Rwb9bgHHr3T5w1OppL/AC20jd7NpHmekPhteq5RlG93UlTtYdrB/wAS2thfp8H0ZK/CMbaWtYW01L5Pcf7xCpwr37VRBcgNrRhceGnw7/aeY5JxdN0emyH5hvpZEReoF79LWB9TFVqaj5qs7/7TFcAMr2BOeq48+szurTCoPsd35I/KCR0Opf7STk1q1dTZfw2GnSo06SARbPcRJMLl5QVHwjo1JWqXVWAqzqo5ggLy3pxlNIwiTwTZz2owkpTWVkCw1DsUtLMalKGohKIOQrJ8uZua0gaT+X3E3CDWphlK94IiT3GnueB/091A7ift/aKr8KROq6FWta3aIJPT065xKNMnpqHeN894nTR0WdXlNS1FATsLexM1HiCck38TvOZSfSoA/e8JX+0hxMmtzpDiZHrXFr28fXac+8gJi0i0m53uLAC5IF/M9TOitTxv4zjUzNlAzOUafoUuDoVEDjy/djNKAAADoJkpzQhmdK7Jvag9CkEFVIbcECx8++c3huWJScsikBwfHSbg2HcP7TpCWZVgpNCTBIjmSRkibAzLRXJCqD2TcKATbAuRI6A2JAJGx7vKN0wXElbDcmxDtF1XvggEdQciOZJldZcQItUbAADutiOqBXGlxqB6GY2p5jUBlbAxFD4f0PrFRNBDWVGLVBnZsYj6HJUUsSWcMblWtbwvYZtczXTeGXxBq9xuUmYanJqRN/8AcGALCo4GABjPhJNeqSIWp+TOFvLFOHTEaBG2KwEX9+kFhHhYtlisBQEu0mmGqxNgRFhhYSJGBYgAUSoUq0dAc/juWo5udQubnSbZ7/AzI3BKvVvW1/e07RWY+Ipy4yfkpSZyKi5xBRZoqUswUTM0suwQkeiR1OnHpTmbkS5GZac00llssimJuyGzYkYGEyh8QWqGTQG0vItSYGqSxVhQqOmGvCaYqVWPDyWhhmLeGWlQAWVimpzRAMAMzUpFpzYFxAdIWKzNeQiG6yKJdjAvJC0SQsBaxqySRsBvSDJJIBAmEJJI2JhrLWSSCEC0gkklFFjeIqSSRIDBV3iTKkllo1UZpEuSZy5IZTbRTSSRgQSpJIAC0hlyRgNpTQskkkA1hCSSQwIJGkkggCWRpJIwEVIsSSSgJJJJGB//2Q==');
INSERT INTO `Employee` (`employeeID`,`employeeName`,`employeeIDPhoto`) VALUES (2,'Dean', '/9j/4AAQSkZJRgABAQAAAQABAAD/2wCEAAoHCBUVFRgWFRISERgYHBUYGBISEhEREhgYGBgZGRgYGBgcIS4lHB4rHxgYJjgmLDAxNjU1GiQ7QDs0Py40NTEBDAwMEA8QHhISHjYjISE0NDQxNDU0ND80MTQ0NDQ0MTQ0NDE0NDY1MTE0NDQ0NDQ0NDQ0NDQ0NDY2MTQxNDQ0Nf/AABEIAMIBAwMBIgACEQEDEQH/xAAcAAACAwEBAQEAAAAAAAAAAAACAwABBAUGBwj/xAA6EAACAQMCAwYEBAUEAgMAAAABAgADESESMQQFQSJRYXGBkQYTscEyQqHwFVJy0eEUI2KCkrIkQ6L/xAAZAQADAQEBAAAAAAAAAAAAAAAAAQIDBAX/xAArEQACAgEDBAEDAwUAAAAAAAAAAQIRAxIhMQRBUWGBE3GxIkLwBTKRocH/2gAMAwEAAhEDEQA/APIBIGjM06cygkwUjnsWftA0XvNBSQJDUFmZ0lCaSt4kpGpAmCBIBDVJLR2FidMGOO3vA05lWMJJoTY+X3mZY0bDzP2ksTGEfaA8vXB3kgLIizHMMQCk0TGhZMdSFx7/AEi9MNWt7D6QGyXhqIlZopC8TRLNCYAgtkQ1WQrYSGxCLQ2GYVoBMAAeDqlVDmBeUkUNVt4tjKEhOB6ykgAY4lK0kphmOhmmk98S2mdHsYav+/WTpFRckp3zJKodG8LKIjJdsTmMhF5IRFveURGANoBjXGIpd40NBKJRSXeFC6AVowYsr18Zo0ynSNSGmZykYoxGFJNEeoLE6cw1WGaf79JQisLFuOkC+DHP3xWmUmNAWktHfLlMkdhYq31jqOIurv6wkO0bdjNy2gVGtFF4p3vI0k0Gz3z5RZeKLyMdpaiVQ12x6xF5ciiVQFrIReVbMZaIAEWUywpbCACTIsYySgkdjKvJL0yR2B0VN/0jgsFEh3nJZkJdYJOIxmgERgC+3tMhvNj7RNsS4lIGkd45RFotjHgRSYmVaWBLkkiLIi2jjFGAAhpRHZ/f76SMISi8tDFqIB3j2WIdYJjQwHaQLLS140LiDExGmAyWmnTAcRqQJmVniWePqiZXmsdzREDQmMC8pzvLoqhivGrEIcR6SGSwgtz7QgM/r+sYqbS9ODM7JszkQgLn2jHWDt+kpMLCdYqG5lWzHYwNMkfiSAWdBsRbmEz3i2nKYgGQy9MkooB2goJKkEG0pIYxYZaILSaoaQobeGIpYxTFQi2i6hz7fSMUxb5MQEEYqwEEdE2Jg6cRWnPofpNBGIBWNSGmLppGiRBaWdo3IGwTM7maGEU6RRYIyu0y1Mmba6YmMCxnTE1iAgyfCRllKYbbzQooR1IwGXAPnLWTJCZtR5Km0UjdkeZ+0PXewmbiRRSyMMQS9jCLfSKgoWDvKLSr/eWoxLoqg9Mku0qTYjeVzC0TQ9EqSDggkEeINjLCTmMxGmJqLNjpEMhJAALE2AAFySeggthIyOIu06XMeXPR069ALg2VW1MLDN8WHSc5+kuMlJXF2i6BjEG0ErHIJTYmWqZHnCGCPOWptKtken1iTELLRdWsqjUxsJbnSCTsJ1fgnkY42s1SoA1KlYaG2dzlQR1AGT5iRlnHHB5JcL/fo0x49ToRy7lHG1lDLQVEI1K1aotPUvQhctY99p7PhvgqkUVm4hySAeyiAC4vbJN5OdcIyFuIYBmpK2g62VcgqpZRg2vv4Rf+tZQAHYAWAyRtieS/6hKS1JKn47ejphghKWmTUfbD4j4Gv+DiR4K9Ow/8lJ+k4XH/AA7xFDtPT1IN3pnWg87ZX1AnoaPOKg66xvm17CdThOfrcB+wc742wZUOtly06Fk6ZR4aftM+Zyp6/wCKOAov26QVH3ZUsFbrcr0PiPUdR5Az0YvVFS8nNPHKCTfD4Lg7mWdvWCPtLRmhbpMTJn1m4NMrkZm0DWJiqpaCIysMxbTcsZfHvJeUpltAQWvpBSpYwGMUcmFBRp13MZrxMamFqioKH3jUbFvKZbxqNFJAzXpki9ckzomj2KMtcBWslT8r2sr/APFvHx/ZwVKLIxVhpI6RYnf4dxXQXt8xLWY7HzHUHrOHI/pPV+38Er9X3OGyzscl4HSPmsMm4TwHVvX6ecztwBauEA0hrH+ldz9/0noKpCkKALDYdMeE5euzpY1GPf8AA4Rtni+b1TVqM17gdlfIfsn1nN+V+/SdrmHEfMctgAYUKAot328d4PD8rqOLqlh/MxCL7nf0nbiqEEntSJfO25yGT9+ksrNvE8KUwWRj3Iwe3naI0zRNS3RLFIsb8uGE28vuY0WAJOwBJ8gM/SNDONxatUqJw9MandkW18anwoPcOpPdPtXwz8PJwfDrRU62uWepa2t23NugwAB3AT5F8AOH5pTdj0rOP6vlsAPYn2E+4LXnL12WMUscuOTuxQaWxn47g1dHRgCrqysD1DCxnzn4ho/6dgiVGc2uVcKwUHa7fiv6z6gal583+NuHC8SWH50Rj5i6fRROLpccJZK7eB5708Hnl49h0HoSI/8AixIsy6h4m/72mQ04Pyp6kMcMbuKPOkr/AJQvjuKcEMnzLYOGBI9OsL5mrtWsTv5wzTlMTgHpgbbXJ+pMpy7HZPqnkxaJq2qp99gScSusMiLaCORCWSZKwtNdR7TI73m8DWIiobkyrSNKvNmyxj7+n+Zdsen3gBv36QnP2iQhTCUBYywf35CC7SkMHrCJgqJTCMA1MJWgdZZEloBweXEapIqFR7yhwKNg1qanFtyPc2jjw78O4LDBxcfhI8/1mBDOxywrUvTfJ02RuthnT9xPPyRlpak7TM402dThimX/ADabemTb9+E53Es73VAWZsDuA6knpi8HhnPaW99wSPA2h8RxZRLLbUx3tmw2/X7TxoQc8qXNf84NnsjPT4ZaYJVVquty1SpYUUtuc727z3dJy+J4t6mWqaxt2WunpbEJna5JZiTubm5i9M9iEJJ3J2YtqqQkLKdM+00MsEpNiRInO+IeL0UrdX7Itvbr9p19M8j8U1dddKdwqqouxuQNRySB3ACXj3kXBWzHyDm54aulUC+gnb/kLH9CZ9h5X8SpVF0qK3/G9mHmJ8JZRYnx3jPmspFmK9ldiR+UTHq+hj1FNumjuhl0qj9FpzYW/wAzx3OeYrxNQupDIBoVhkEKTcjwvf0tPmScdWK6PmvZsaS5AN8ZuZ7rldEpSpqRYqqgjx05/WYYOg+g3Ju3wjLqMuqKSD+XJ8qaBLtOqjjMwpzO6zc6zHVEekkU0RUGfQfSNaKrb47h9BGikYuJeZbx/EIYlCVIINrHe2rHXHUeHWbxqjWIJaxB6jOdsRxAR0fJQlXU96hsjzFiD4iHxPDXBdMWy9MG+kH86H8yG++4vnoTODdWBpOQqNlah/8ArfYN/ScBvCx/KINpqyhHEUijlD0Nr946HyIsfWLYGwPQkgelif8A2E6PG0GalqYaXoH5VRTvozob0sVv3BYHG8G3zEooCW0qoB72ZnJPo2/cJMZpqnzvfwBgti9sbX6X7os5vOrzrhRR0Ub3ZQXcnB11LWUjpZFTHeTOVNYu1YBtvIN5SNmWYwIRuYAMvVuPL7yWsYDLtJCkgI9lxPDNTPa26ObAHbIztmHwvEBWVwwNipuD+/GeT4XnDPhrk5N+hK7alvkeEFK7I+kdvAwNR3HQ3/TacVSlceH+QWJH0Fl0M3QMTb3v95j4qoSwB3AF/Pcj0vb0mBOYsWT8NiFJu3SwLfrM9DmKuNRbtXNwSACb/lY7zjw49E3Kh5IuqR0SJNMzJxNgxawIJKjcFRsTfY/2jw5K69NgWIuAQuobgToWRN1x9zBxaL0yikJlYbgj99e6TVKTUladioDTPnfxIx/1NXzUemlf7CfRWafO/iJf/kVfNf1UGbY+TTFycrVDDXI9B7C0hXB9PrBQ5m5uanzYDchRjvsBPpIa1h5Tw/w7wYqVRe9k7Z8bEWHv9DPbsJlN70YZH2DV4YaIURqiQZls0xVjNdQTO6XicgMgltTjClpLSGwM1WniZGo9MepAHXqZ1GSZ6lPEuM2NSM3COFZUqakF+xUUf7iE9V/nQ3N18SRnc+M4EgkWXVpLAU806ib66f3Xpm21gC1XT8JxuVYBkPmpwZv4DiVqL8rSKT3L0aiMdC1BnSAblQ1tr2vbAg5NPUuO5qnZq+GnV2UuofAoVVOz02BNNj4gqUv3Mk7XK+ADcfUqsLKiUwrNtcrYt6Kje5nn+Vt8rikJQolUOrUzjQ43S3g6oR4FZ3ua13agKVFdT1Lp2bbEnUSegC6hc4GqcXUSazJR2Ul/jyUjwvOeO+dXqVBs7sV/pGE//IEzUKLubIjOe5FZz7Cej/h/DcN2HDcbX606YLU0PcR1/wCwP9MTxPHcSRpHDfLTonyHZR6MNI9FE71m2SgtvL2QHLpcrqE2sFI3BOpx5ol2HqIFeiq4vqbqQw0j2vf3HlD4jiazCztU0/ym6J/4iy/pM6maR1PeTXwIWRmWN5DvLImiAZokitRkjACrwBpg3Ra2Aww4tfvsw1Dw/wAg5V5xUC6QUXcdmlRSwxcCyXHneenanncjf6YnL4zgVY76b72tm2xz5mc8b/duOMzOnHBhYAqbrdg1wb7WDfhyB1tAfjbu2oaTgabhQCoAN7nBNh/mM/0CWIOo33sBuL/pt7S+J4Is2pCEwBpYGxIOcx0rspys28u4tSbVNTA4DdoG5PRuu/lnrPScz4qgiItEMtzc0yx0npgdDe+Z4qtRq01XSSTpOtcGw65Pdc+8RUqOUV2dc9nSey+MXC/mFuov4yNKk/Q01VHq63NHYsKZLAZVagS4t0NtzY9IHAcxfXd6bFCMqrBGOMFbg4x3H+3EoK4pmrYMlyD33ABI/fdMy83dcXHU9pRcGxsLi1+kyeHtFKkS1Z7ZuLpsABhiSBm4I8xjqNpx3+HjxPEtnSmhWd8BrgFQFuMkkLnoDOG/FOoVw4Ia7C3QqRi3Tce4m3hueBQO2AxAFzi17Fhjpv6gS4RlBp8ruS41wcGvwjqWQowIJUg9CDteJXhH6IxPcBcz1tDmIAfUA+sG5Nj1N2GfERnBU7uCqX3YAFQbW3/UfvEt5ZW0lsdUPotPVafrgP4Z5eaVLW1tT72INguynuObkeM7JM08Oq0rtUS6uVUrbDEmw0kfmzjYxnEUBoV1AVCt7uwDA3ZWU+NxFkuk4q759HC4ycnaMYxaXqkenc9g6/DZvQHf0hjh3vp0m9ibHGLXvnwBPpFuxOLXYreCUjKaE7DV/T2vpLfs/iIW2TdlFvOSLS/Ahkg/Lj1AOzIfJlMIoEYhiuLgkMGXIxlTJtBpdmPRAde7fw3muoqCw1kmxJARrLboe/0mb+IqmFIRjftZ17XxcXUdLj3k6k1sr+BqErHLwHEEXNR6QtcfMqOl/ISqvJyReoyIcFOJp20atwHK4t44YeMzn4hNEqQ9VxaxVQWFxbshmtYdr9Js4X4vpEWam6avxa9BU+dj9pjP612lsu6N/p0uTqcz4cPTQuoRwyN2f51Cqc9xUtnuVT0l06hCsqEX2ze5IW+kAEFj4AjznJ4zm6llVCpXpdlVV8M/ht7Q24EMgZ/lltT2NZnang7oiYffdj9bTF45SmnLZI0cNjz3Hcye5VUKWJFqigsP+lgieQW/iYunzauBiq6+CHQPZbCegqBXH+8q1GVtPzGoBeyLroBDi6g5vvjuxM9Xk9J1LUw1PTbWquK2m4uCUvqAIB2LWttPQhOHDj80ZOLRyW5vxJAvWqN/UQ3XxmapxDt+J2Phew9hibX4S3VW8Vvb9QDBHCzZaF/akvgjUcxllOZ034SZ6nCy1JApI595Jr+RJHqRVnacXvMtZMR2qQi4mJknRgIIjErWxYH3H0jHSJKZvL5KTHOEbcd2Olgb28r2jFRNGgopGcDBN985tMFzHKxhpFuA3L0amEYsvWysQAc5sMFrYuZza/KO2FWppVrdrSGOB3Y7p19RhIlzJprhlKTR52vy10Ufhe+q+knFjne3d9YPD0daMLBXUqNWNL3NrHxGJ6d6AYEEAjumTmFIJRfSoWym1gBa8dtlKZy6tB6TFGIJtqsL4Ude4DcQV4xhpOog74uLHYzLR5iysrsA57SsTuy2GD7zPTqgkBjYDF8kARpPuWej4bnjhR2i1jsRchji+cWiuJ46ooQ1NYuCwLHssCTnxsb+0ocsASm6AuH0FlbO9sWGSpO81NwNVj2r0wC6fK1uVUq2cE7MQdvCS3peyE5mehzJ0YsLs2381u8nGRjrNic5rBy6vodbEl1VgpvbIPsRkGZX5K/So1r3sT34tj0xF1+T1RvUDnc6Sb46nHahrT9BrT7nUTjAzayAmoG5Ts9onJAHQ39InjOJCHDX8c39xbM57curhgmqn4ENdbYtcgHwl8Ry3iQDcLa4Fg4bUTjA94bc2W5Rqi6nMmUizHzazW8v8eMg5/U1AaVZb7G97WtjxG4JvMFbl9RXCOArEKfBQbgE28QZtq/DvEKBpVHufyONQv1N7C3rE4QbtkWkaqXPyGDWZjswqBCNrYOQcXtgfeaeO5mjIGOk6rG5XtLk4/T9Z56pwrJq1KQAdJNtQDDcX2veHw2tgURRUvZiLG/YINx7W64aChFU4lJ19jdx3MhqUFfyi66cLqJJsO/SReZRzEAsVUC/4BoDWGx28vczT/C2qB3Ysls7bk7g32G2Y3hfh3UAzvoscqASQtrixvvc7+UHpS3Jc0xC8WpS4AJIYsLi2tc/h3nY+Huamox4fW6rWUICxB0VSDoZelr2Uj82vO05HA8uLVGTViz6je9+gJAxqyY1+UvRamyuhIcFQCdVwVKscbAge8TUWqNNfY7nBc9K7uyOBZkVs3Fr4/6nvt5R38dRibknqAwBI3/Cd5xeb8kdq9V6bLZmaopN862LhB5XtOW/Kq6As4QBepf6AbxwqtmJzTe56vguecOrEOocHYGmGswIxq3se17jxnRTm3BMQGp001YW1Rwb9bgHHr3T5w1OppL/AC20jd7NpHmekPhteq5RlG93UlTtYdrB/wAS2thfp8H0ZK/CMbaWtYW01L5Pcf7xCpwr37VRBcgNrRhceGnw7/aeY5JxdN0emyH5hvpZEReoF79LWB9TFVqaj5qs7/7TFcAMr2BOeq48+szurTCoPsd35I/KCR0Opf7STk1q1dTZfw2GnSo06SARbPcRJMLl5QVHwjo1JWqXVWAqzqo5ggLy3pxlNIwiTwTZz2owkpTWVkCw1DsUtLMalKGohKIOQrJ8uZua0gaT+X3E3CDWphlK94IiT3GnueB/091A7ift/aKr8KROq6FWta3aIJPT065xKNMnpqHeN894nTR0WdXlNS1FATsLexM1HiCck38TvOZSfSoA/e8JX+0hxMmtzpDiZHrXFr28fXac+8gJi0i0m53uLAC5IF/M9TOitTxv4zjUzNlAzOUafoUuDoVEDjy/djNKAAADoJkpzQhmdK7Jvag9CkEFVIbcECx8++c3huWJScsikBwfHSbg2HcP7TpCWZVgpNCTBIjmSRkibAzLRXJCqD2TcKATbAuRI6A2JAJGx7vKN0wXElbDcmxDtF1XvggEdQciOZJldZcQItUbAADutiOqBXGlxqB6GY2p5jUBlbAxFD4f0PrFRNBDWVGLVBnZsYj6HJUUsSWcMblWtbwvYZtczXTeGXxBq9xuUmYanJqRN/8AcGALCo4GABjPhJNeqSIWp+TOFvLFOHTEaBG2KwEX9+kFhHhYtlisBQEu0mmGqxNgRFhhYSJGBYgAUSoUq0dAc/juWo5udQubnSbZ7/AzI3BKvVvW1/e07RWY+Ipy4yfkpSZyKi5xBRZoqUswUTM0suwQkeiR1OnHpTmbkS5GZac00llssimJuyGzYkYGEyh8QWqGTQG0vItSYGqSxVhQqOmGvCaYqVWPDyWhhmLeGWlQAWVimpzRAMAMzUpFpzYFxAdIWKzNeQiG6yKJdjAvJC0SQsBaxqySRsBvSDJJIBAmEJJI2JhrLWSSCEC0gkklFFjeIqSSRIDBV3iTKkllo1UZpEuSZy5IZTbRTSSRgQSpJIAC0hlyRgNpTQskkkA1hCSSQwIJGkkggCWRpJIwEVIsSSSgJJJJGB//2Q==');
INSERT INTO `Employee` (`employeeID`,`employeeName`,`employeeIDPhoto`) VALUES (3,'Shibu', '/9j/4AAQSkZJRgABAQAAAQABAAD/2wCEAAoHCBUVFRgWFRISERgYHBUYGBISEhEREhgYGBgZGRgYGBgcIS4lHB4rHxgYJjgmLDAxNjU1GiQ7QDs0Py40NTEBDAwMEA8QHhISHjYjISE0NDQxNDU0ND80MTQ0NDQ0MTQ0NDE0NDY1MTE0NDQ0NDQ0NDQ0NDQ0NDY2MTQxNDQ0Nf/AABEIAMIBAwMBIgACEQEDEQH/xAAcAAACAwEBAQEAAAAAAAAAAAACAwABBAUGBwj/xAA6EAACAQMCAwYEBAUEAgMAAAABAgADESESMQQFQSJRYXGBkQYTscEyQqHwFVJy0eEUI2KCkrIkQ6L/xAAZAQADAQEBAAAAAAAAAAAAAAAAAQIDBAX/xAArEQACAgEDBAEDAwUAAAAAAAAAAQIRAxIhMQRBUWGBE3GxIkLwBTKRocH/2gAMAwEAAhEDEQA/APIBIGjM06cygkwUjnsWftA0XvNBSQJDUFmZ0lCaSt4kpGpAmCBIBDVJLR2FidMGOO3vA05lWMJJoTY+X3mZY0bDzP2ksTGEfaA8vXB3kgLIizHMMQCk0TGhZMdSFx7/AEi9MNWt7D6QGyXhqIlZopC8TRLNCYAgtkQ1WQrYSGxCLQ2GYVoBMAAeDqlVDmBeUkUNVt4tjKEhOB6ykgAY4lK0kphmOhmmk98S2mdHsYav+/WTpFRckp3zJKodG8LKIjJdsTmMhF5IRFveURGANoBjXGIpd40NBKJRSXeFC6AVowYsr18Zo0ynSNSGmZykYoxGFJNEeoLE6cw1WGaf79JQisLFuOkC+DHP3xWmUmNAWktHfLlMkdhYq31jqOIurv6wkO0bdjNy2gVGtFF4p3vI0k0Gz3z5RZeKLyMdpaiVQ12x6xF5ciiVQFrIReVbMZaIAEWUywpbCACTIsYySgkdjKvJL0yR2B0VN/0jgsFEh3nJZkJdYJOIxmgERgC+3tMhvNj7RNsS4lIGkd45RFotjHgRSYmVaWBLkkiLIi2jjFGAAhpRHZ/f76SMISi8tDFqIB3j2WIdYJjQwHaQLLS140LiDExGmAyWmnTAcRqQJmVniWePqiZXmsdzREDQmMC8pzvLoqhivGrEIcR6SGSwgtz7QgM/r+sYqbS9ODM7JszkQgLn2jHWDt+kpMLCdYqG5lWzHYwNMkfiSAWdBsRbmEz3i2nKYgGQy9MkooB2goJKkEG0pIYxYZaILSaoaQobeGIpYxTFQi2i6hz7fSMUxb5MQEEYqwEEdE2Jg6cRWnPofpNBGIBWNSGmLppGiRBaWdo3IGwTM7maGEU6RRYIyu0y1Mmba6YmMCxnTE1iAgyfCRllKYbbzQooR1IwGXAPnLWTJCZtR5Km0UjdkeZ+0PXewmbiRRSyMMQS9jCLfSKgoWDvKLSr/eWoxLoqg9Mku0qTYjeVzC0TQ9EqSDggkEeINjLCTmMxGmJqLNjpEMhJAALE2AAFySeggthIyOIu06XMeXPR069ALg2VW1MLDN8WHSc5+kuMlJXF2i6BjEG0ErHIJTYmWqZHnCGCPOWptKtken1iTELLRdWsqjUxsJbnSCTsJ1fgnkY42s1SoA1KlYaG2dzlQR1AGT5iRlnHHB5JcL/fo0x49ToRy7lHG1lDLQVEI1K1aotPUvQhctY99p7PhvgqkUVm4hySAeyiAC4vbJN5OdcIyFuIYBmpK2g62VcgqpZRg2vv4Rf+tZQAHYAWAyRtieS/6hKS1JKn47ejphghKWmTUfbD4j4Gv+DiR4K9Ow/8lJ+k4XH/AA7xFDtPT1IN3pnWg87ZX1AnoaPOKg66xvm17CdThOfrcB+wc742wZUOtly06Fk6ZR4aftM+Zyp6/wCKOAov26QVH3ZUsFbrcr0PiPUdR5Az0YvVFS8nNPHKCTfD4Lg7mWdvWCPtLRmhbpMTJn1m4NMrkZm0DWJiqpaCIysMxbTcsZfHvJeUpltAQWvpBSpYwGMUcmFBRp13MZrxMamFqioKH3jUbFvKZbxqNFJAzXpki9ckzomj2KMtcBWslT8r2sr/APFvHx/ZwVKLIxVhpI6RYnf4dxXQXt8xLWY7HzHUHrOHI/pPV+38Er9X3OGyzscl4HSPmsMm4TwHVvX6ecztwBauEA0hrH+ldz9/0noKpCkKALDYdMeE5euzpY1GPf8AA4Rtni+b1TVqM17gdlfIfsn1nN+V+/SdrmHEfMctgAYUKAot328d4PD8rqOLqlh/MxCL7nf0nbiqEEntSJfO25yGT9+ksrNvE8KUwWRj3Iwe3naI0zRNS3RLFIsb8uGE28vuY0WAJOwBJ8gM/SNDONxatUqJw9MandkW18anwoPcOpPdPtXwz8PJwfDrRU62uWepa2t23NugwAB3AT5F8AOH5pTdj0rOP6vlsAPYn2E+4LXnL12WMUscuOTuxQaWxn47g1dHRgCrqysD1DCxnzn4ho/6dgiVGc2uVcKwUHa7fiv6z6gal583+NuHC8SWH50Rj5i6fRROLpccJZK7eB5708Hnl49h0HoSI/8AixIsy6h4m/72mQ04Pyp6kMcMbuKPOkr/AJQvjuKcEMnzLYOGBI9OsL5mrtWsTv5wzTlMTgHpgbbXJ+pMpy7HZPqnkxaJq2qp99gScSusMiLaCORCWSZKwtNdR7TI73m8DWIiobkyrSNKvNmyxj7+n+Zdsen3gBv36QnP2iQhTCUBYywf35CC7SkMHrCJgqJTCMA1MJWgdZZEloBweXEapIqFR7yhwKNg1qanFtyPc2jjw78O4LDBxcfhI8/1mBDOxywrUvTfJ02RuthnT9xPPyRlpak7TM402dThimX/ADabemTb9+E53Es73VAWZsDuA6knpi8HhnPaW99wSPA2h8RxZRLLbUx3tmw2/X7TxoQc8qXNf84NnsjPT4ZaYJVVquty1SpYUUtuc727z3dJy+J4t6mWqaxt2WunpbEJna5JZiTubm5i9M9iEJJ3J2YtqqQkLKdM+00MsEpNiRInO+IeL0UrdX7Itvbr9p19M8j8U1dddKdwqqouxuQNRySB3ACXj3kXBWzHyDm54aulUC+gnb/kLH9CZ9h5X8SpVF0qK3/G9mHmJ8JZRYnx3jPmspFmK9ldiR+UTHq+hj1FNumjuhl0qj9FpzYW/wAzx3OeYrxNQupDIBoVhkEKTcjwvf0tPmScdWK6PmvZsaS5AN8ZuZ7rldEpSpqRYqqgjx05/WYYOg+g3Ju3wjLqMuqKSD+XJ8qaBLtOqjjMwpzO6zc6zHVEekkU0RUGfQfSNaKrb47h9BGikYuJeZbx/EIYlCVIINrHe2rHXHUeHWbxqjWIJaxB6jOdsRxAR0fJQlXU96hsjzFiD4iHxPDXBdMWy9MG+kH86H8yG++4vnoTODdWBpOQqNlah/8ArfYN/ScBvCx/KINpqyhHEUijlD0Nr946HyIsfWLYGwPQkgelif8A2E6PG0GalqYaXoH5VRTvozob0sVv3BYHG8G3zEooCW0qoB72ZnJPo2/cJMZpqnzvfwBgti9sbX6X7os5vOrzrhRR0Ub3ZQXcnB11LWUjpZFTHeTOVNYu1YBtvIN5SNmWYwIRuYAMvVuPL7yWsYDLtJCkgI9lxPDNTPa26ObAHbIztmHwvEBWVwwNipuD+/GeT4XnDPhrk5N+hK7alvkeEFK7I+kdvAwNR3HQ3/TacVSlceH+QWJH0Fl0M3QMTb3v95j4qoSwB3AF/Pcj0vb0mBOYsWT8NiFJu3SwLfrM9DmKuNRbtXNwSACb/lY7zjw49E3Kh5IuqR0SJNMzJxNgxawIJKjcFRsTfY/2jw5K69NgWIuAQuobgToWRN1x9zBxaL0yikJlYbgj99e6TVKTUladioDTPnfxIx/1NXzUemlf7CfRWafO/iJf/kVfNf1UGbY+TTFycrVDDXI9B7C0hXB9PrBQ5m5uanzYDchRjvsBPpIa1h5Tw/w7wYqVRe9k7Z8bEWHv9DPbsJlN70YZH2DV4YaIURqiQZls0xVjNdQTO6XicgMgltTjClpLSGwM1WniZGo9MepAHXqZ1GSZ6lPEuM2NSM3COFZUqakF+xUUf7iE9V/nQ3N18SRnc+M4EgkWXVpLAU806ib66f3Xpm21gC1XT8JxuVYBkPmpwZv4DiVqL8rSKT3L0aiMdC1BnSAblQ1tr2vbAg5NPUuO5qnZq+GnV2UuofAoVVOz02BNNj4gqUv3Mk7XK+ADcfUqsLKiUwrNtcrYt6Kje5nn+Vt8rikJQolUOrUzjQ43S3g6oR4FZ3ua13agKVFdT1Lp2bbEnUSegC6hc4GqcXUSazJR2Ul/jyUjwvOeO+dXqVBs7sV/pGE//IEzUKLubIjOe5FZz7Cej/h/DcN2HDcbX606YLU0PcR1/wCwP9MTxPHcSRpHDfLTonyHZR6MNI9FE71m2SgtvL2QHLpcrqE2sFI3BOpx5ol2HqIFeiq4vqbqQw0j2vf3HlD4jiazCztU0/ym6J/4iy/pM6maR1PeTXwIWRmWN5DvLImiAZokitRkjACrwBpg3Ra2Aww4tfvsw1Dw/wAg5V5xUC6QUXcdmlRSwxcCyXHneenanncjf6YnL4zgVY76b72tm2xz5mc8b/duOMzOnHBhYAqbrdg1wb7WDfhyB1tAfjbu2oaTgabhQCoAN7nBNh/mM/0CWIOo33sBuL/pt7S+J4Is2pCEwBpYGxIOcx0rspys28u4tSbVNTA4DdoG5PRuu/lnrPScz4qgiItEMtzc0yx0npgdDe+Z4qtRq01XSSTpOtcGw65Pdc+8RUqOUV2dc9nSey+MXC/mFuov4yNKk/Q01VHq63NHYsKZLAZVagS4t0NtzY9IHAcxfXd6bFCMqrBGOMFbg4x3H+3EoK4pmrYMlyD33ABI/fdMy83dcXHU9pRcGxsLi1+kyeHtFKkS1Z7ZuLpsABhiSBm4I8xjqNpx3+HjxPEtnSmhWd8BrgFQFuMkkLnoDOG/FOoVw4Ia7C3QqRi3Tce4m3hueBQO2AxAFzi17Fhjpv6gS4RlBp8ruS41wcGvwjqWQowIJUg9CDteJXhH6IxPcBcz1tDmIAfUA+sG5Nj1N2GfERnBU7uCqX3YAFQbW3/UfvEt5ZW0lsdUPotPVafrgP4Z5eaVLW1tT72INguynuObkeM7JM08Oq0rtUS6uVUrbDEmw0kfmzjYxnEUBoV1AVCt7uwDA3ZWU+NxFkuk4q759HC4ycnaMYxaXqkenc9g6/DZvQHf0hjh3vp0m9ibHGLXvnwBPpFuxOLXYreCUjKaE7DV/T2vpLfs/iIW2TdlFvOSLS/Ahkg/Lj1AOzIfJlMIoEYhiuLgkMGXIxlTJtBpdmPRAde7fw3muoqCw1kmxJARrLboe/0mb+IqmFIRjftZ17XxcXUdLj3k6k1sr+BqErHLwHEEXNR6QtcfMqOl/ISqvJyReoyIcFOJp20atwHK4t44YeMzn4hNEqQ9VxaxVQWFxbshmtYdr9Js4X4vpEWam6avxa9BU+dj9pjP612lsu6N/p0uTqcz4cPTQuoRwyN2f51Cqc9xUtnuVT0l06hCsqEX2ze5IW+kAEFj4AjznJ4zm6llVCpXpdlVV8M/ht7Q24EMgZ/lltT2NZnang7oiYffdj9bTF45SmnLZI0cNjz3Hcye5VUKWJFqigsP+lgieQW/iYunzauBiq6+CHQPZbCegqBXH+8q1GVtPzGoBeyLroBDi6g5vvjuxM9Xk9J1LUw1PTbWquK2m4uCUvqAIB2LWttPQhOHDj80ZOLRyW5vxJAvWqN/UQ3XxmapxDt+J2Phew9hibX4S3VW8Vvb9QDBHCzZaF/akvgjUcxllOZ034SZ6nCy1JApI595Jr+RJHqRVnacXvMtZMR2qQi4mJknRgIIjErWxYH3H0jHSJKZvL5KTHOEbcd2Olgb28r2jFRNGgopGcDBN985tMFzHKxhpFuA3L0amEYsvWysQAc5sMFrYuZza/KO2FWppVrdrSGOB3Y7p19RhIlzJprhlKTR52vy10Ufhe+q+knFjne3d9YPD0daMLBXUqNWNL3NrHxGJ6d6AYEEAjumTmFIJRfSoWym1gBa8dtlKZy6tB6TFGIJtqsL4Ude4DcQV4xhpOog74uLHYzLR5iysrsA57SsTuy2GD7zPTqgkBjYDF8kARpPuWej4bnjhR2i1jsRchji+cWiuJ46ooQ1NYuCwLHssCTnxsb+0ocsASm6AuH0FlbO9sWGSpO81NwNVj2r0wC6fK1uVUq2cE7MQdvCS3peyE5mehzJ0YsLs2381u8nGRjrNic5rBy6vodbEl1VgpvbIPsRkGZX5K/So1r3sT34tj0xF1+T1RvUDnc6Sb46nHahrT9BrT7nUTjAzayAmoG5Ts9onJAHQ39InjOJCHDX8c39xbM57curhgmqn4ENdbYtcgHwl8Ry3iQDcLa4Fg4bUTjA94bc2W5Rqi6nMmUizHzazW8v8eMg5/U1AaVZb7G97WtjxG4JvMFbl9RXCOArEKfBQbgE28QZtq/DvEKBpVHufyONQv1N7C3rE4QbtkWkaqXPyGDWZjswqBCNrYOQcXtgfeaeO5mjIGOk6rG5XtLk4/T9Z56pwrJq1KQAdJNtQDDcX2veHw2tgURRUvZiLG/YINx7W64aChFU4lJ19jdx3MhqUFfyi66cLqJJsO/SReZRzEAsVUC/4BoDWGx28vczT/C2qB3Ysls7bk7g32G2Y3hfh3UAzvoscqASQtrixvvc7+UHpS3Jc0xC8WpS4AJIYsLi2tc/h3nY+Huamox4fW6rWUICxB0VSDoZelr2Uj82vO05HA8uLVGTViz6je9+gJAxqyY1+UvRamyuhIcFQCdVwVKscbAge8TUWqNNfY7nBc9K7uyOBZkVs3Fr4/6nvt5R38dRibknqAwBI3/Cd5xeb8kdq9V6bLZmaopN862LhB5XtOW/Kq6As4QBepf6AbxwqtmJzTe56vguecOrEOocHYGmGswIxq3se17jxnRTm3BMQGp001YW1Rwb9bgHHr3T5w1OppL/AC20jd7NpHmekPhteq5RlG93UlTtYdrB/wAS2thfp8H0ZK/CMbaWtYW01L5Pcf7xCpwr37VRBcgNrRhceGnw7/aeY5JxdN0emyH5hvpZEReoF79LWB9TFVqaj5qs7/7TFcAMr2BOeq48+szurTCoPsd35I/KCR0Opf7STk1q1dTZfw2GnSo06SARbPcRJMLl5QVHwjo1JWqXVWAqzqo5ggLy3pxlNIwiTwTZz2owkpTWVkCw1DsUtLMalKGohKIOQrJ8uZua0gaT+X3E3CDWphlK94IiT3GnueB/091A7ift/aKr8KROq6FWta3aIJPT065xKNMnpqHeN894nTR0WdXlNS1FATsLexM1HiCck38TvOZSfSoA/e8JX+0hxMmtzpDiZHrXFr28fXac+8gJi0i0m53uLAC5IF/M9TOitTxv4zjUzNlAzOUafoUuDoVEDjy/djNKAAADoJkpzQhmdK7Jvag9CkEFVIbcECx8++c3huWJScsikBwfHSbg2HcP7TpCWZVgpNCTBIjmSRkibAzLRXJCqD2TcKATbAuRI6A2JAJGx7vKN0wXElbDcmxDtF1XvggEdQciOZJldZcQItUbAADutiOqBXGlxqB6GY2p5jUBlbAxFD4f0PrFRNBDWVGLVBnZsYj6HJUUsSWcMblWtbwvYZtczXTeGXxBq9xuUmYanJqRN/8AcGALCo4GABjPhJNeqSIWp+TOFvLFOHTEaBG2KwEX9+kFhHhYtlisBQEu0mmGqxNgRFhhYSJGBYgAUSoUq0dAc/juWo5udQubnSbZ7/AzI3BKvVvW1/e07RWY+Ipy4yfkpSZyKi5xBRZoqUswUTM0suwQkeiR1OnHpTmbkS5GZac00llssimJuyGzYkYGEyh8QWqGTQG0vItSYGqSxVhQqOmGvCaYqVWPDyWhhmLeGWlQAWVimpzRAMAMzUpFpzYFxAdIWKzNeQiG6yKJdjAvJC0SQsBaxqySRsBvSDJJIBAmEJJI2JhrLWSSCEC0gkklFFjeIqSSRIDBV3iTKkllo1UZpEuSZy5IZTbRTSSRgQSpJIAC0hlyRgNpTQskkkA1hCSSQwIJGkkggCWRpJIwEVIsSSSgJJJJGB//2Q==');
INSERT INTO `Employee` (`employeeID`,`employeeName`,`employeeIDPhoto`) VALUES (4,'Seweryn', '/9j/4AAQSkZJRgABAQAAAQABAAD/2wCEAAoHCBUVFRgWFRISERgYHBUYGBISEhEREhgYGBgZGRgYGBgcIS4lHB4rHxgYJjgmLDAxNjU1GiQ7QDs0Py40NTEBDAwMEA8QHhISHjYjISE0NDQxNDU0ND80MTQ0NDQ0MTQ0NDE0NDY1MTE0NDQ0NDQ0NDQ0NDQ0NDY2MTQxNDQ0Nf/AABEIAMIBAwMBIgACEQEDEQH/xAAcAAACAwEBAQEAAAAAAAAAAAACAwABBAUGBwj/xAA6EAACAQMCAwYEBAUEAgMAAAABAgADESESMQQFQSJRYXGBkQYTscEyQqHwFVJy0eEUI2KCkrIkQ6L/xAAZAQADAQEBAAAAAAAAAAAAAAAAAQIDBAX/xAArEQACAgEDBAEDAwUAAAAAAAAAAQIRAxIhMQRBUWGBE3GxIkLwBTKRocH/2gAMAwEAAhEDEQA/APIBIGjM06cygkwUjnsWftA0XvNBSQJDUFmZ0lCaSt4kpGpAmCBIBDVJLR2FidMGOO3vA05lWMJJoTY+X3mZY0bDzP2ksTGEfaA8vXB3kgLIizHMMQCk0TGhZMdSFx7/AEi9MNWt7D6QGyXhqIlZopC8TRLNCYAgtkQ1WQrYSGxCLQ2GYVoBMAAeDqlVDmBeUkUNVt4tjKEhOB6ykgAY4lK0kphmOhmmk98S2mdHsYav+/WTpFRckp3zJKodG8LKIjJdsTmMhF5IRFveURGANoBjXGIpd40NBKJRSXeFC6AVowYsr18Zo0ynSNSGmZykYoxGFJNEeoLE6cw1WGaf79JQisLFuOkC+DHP3xWmUmNAWktHfLlMkdhYq31jqOIurv6wkO0bdjNy2gVGtFF4p3vI0k0Gz3z5RZeKLyMdpaiVQ12x6xF5ciiVQFrIReVbMZaIAEWUywpbCACTIsYySgkdjKvJL0yR2B0VN/0jgsFEh3nJZkJdYJOIxmgERgC+3tMhvNj7RNsS4lIGkd45RFotjHgRSYmVaWBLkkiLIi2jjFGAAhpRHZ/f76SMISi8tDFqIB3j2WIdYJjQwHaQLLS140LiDExGmAyWmnTAcRqQJmVniWePqiZXmsdzREDQmMC8pzvLoqhivGrEIcR6SGSwgtz7QgM/r+sYqbS9ODM7JszkQgLn2jHWDt+kpMLCdYqG5lWzHYwNMkfiSAWdBsRbmEz3i2nKYgGQy9MkooB2goJKkEG0pIYxYZaILSaoaQobeGIpYxTFQi2i6hz7fSMUxb5MQEEYqwEEdE2Jg6cRWnPofpNBGIBWNSGmLppGiRBaWdo3IGwTM7maGEU6RRYIyu0y1Mmba6YmMCxnTE1iAgyfCRllKYbbzQooR1IwGXAPnLWTJCZtR5Km0UjdkeZ+0PXewmbiRRSyMMQS9jCLfSKgoWDvKLSr/eWoxLoqg9Mku0qTYjeVzC0TQ9EqSDggkEeINjLCTmMxGmJqLNjpEMhJAALE2AAFySeggthIyOIu06XMeXPR069ALg2VW1MLDN8WHSc5+kuMlJXF2i6BjEG0ErHIJTYmWqZHnCGCPOWptKtken1iTELLRdWsqjUxsJbnSCTsJ1fgnkY42s1SoA1KlYaG2dzlQR1AGT5iRlnHHB5JcL/fo0x49ToRy7lHG1lDLQVEI1K1aotPUvQhctY99p7PhvgqkUVm4hySAeyiAC4vbJN5OdcIyFuIYBmpK2g62VcgqpZRg2vv4Rf+tZQAHYAWAyRtieS/6hKS1JKn47ejphghKWmTUfbD4j4Gv+DiR4K9Ow/8lJ+k4XH/AA7xFDtPT1IN3pnWg87ZX1AnoaPOKg66xvm17CdThOfrcB+wc742wZUOtly06Fk6ZR4aftM+Zyp6/wCKOAov26QVH3ZUsFbrcr0PiPUdR5Az0YvVFS8nNPHKCTfD4Lg7mWdvWCPtLRmhbpMTJn1m4NMrkZm0DWJiqpaCIysMxbTcsZfHvJeUpltAQWvpBSpYwGMUcmFBRp13MZrxMamFqioKH3jUbFvKZbxqNFJAzXpki9ckzomj2KMtcBWslT8r2sr/APFvHx/ZwVKLIxVhpI6RYnf4dxXQXt8xLWY7HzHUHrOHI/pPV+38Er9X3OGyzscl4HSPmsMm4TwHVvX6ecztwBauEA0hrH+ldz9/0noKpCkKALDYdMeE5euzpY1GPf8AA4Rtni+b1TVqM17gdlfIfsn1nN+V+/SdrmHEfMctgAYUKAot328d4PD8rqOLqlh/MxCL7nf0nbiqEEntSJfO25yGT9+ksrNvE8KUwWRj3Iwe3naI0zRNS3RLFIsb8uGE28vuY0WAJOwBJ8gM/SNDONxatUqJw9MandkW18anwoPcOpPdPtXwz8PJwfDrRU62uWepa2t23NugwAB3AT5F8AOH5pTdj0rOP6vlsAPYn2E+4LXnL12WMUscuOTuxQaWxn47g1dHRgCrqysD1DCxnzn4ho/6dgiVGc2uVcKwUHa7fiv6z6gal583+NuHC8SWH50Rj5i6fRROLpccJZK7eB5708Hnl49h0HoSI/8AixIsy6h4m/72mQ04Pyp6kMcMbuKPOkr/AJQvjuKcEMnzLYOGBI9OsL5mrtWsTv5wzTlMTgHpgbbXJ+pMpy7HZPqnkxaJq2qp99gScSusMiLaCORCWSZKwtNdR7TI73m8DWIiobkyrSNKvNmyxj7+n+Zdsen3gBv36QnP2iQhTCUBYywf35CC7SkMHrCJgqJTCMA1MJWgdZZEloBweXEapIqFR7yhwKNg1qanFtyPc2jjw78O4LDBxcfhI8/1mBDOxywrUvTfJ02RuthnT9xPPyRlpak7TM402dThimX/ADabemTb9+E53Es73VAWZsDuA6knpi8HhnPaW99wSPA2h8RxZRLLbUx3tmw2/X7TxoQc8qXNf84NnsjPT4ZaYJVVquty1SpYUUtuc727z3dJy+J4t6mWqaxt2WunpbEJna5JZiTubm5i9M9iEJJ3J2YtqqQkLKdM+00MsEpNiRInO+IeL0UrdX7Itvbr9p19M8j8U1dddKdwqqouxuQNRySB3ACXj3kXBWzHyDm54aulUC+gnb/kLH9CZ9h5X8SpVF0qK3/G9mHmJ8JZRYnx3jPmspFmK9ldiR+UTHq+hj1FNumjuhl0qj9FpzYW/wAzx3OeYrxNQupDIBoVhkEKTcjwvf0tPmScdWK6PmvZsaS5AN8ZuZ7rldEpSpqRYqqgjx05/WYYOg+g3Ju3wjLqMuqKSD+XJ8qaBLtOqjjMwpzO6zc6zHVEekkU0RUGfQfSNaKrb47h9BGikYuJeZbx/EIYlCVIINrHe2rHXHUeHWbxqjWIJaxB6jOdsRxAR0fJQlXU96hsjzFiD4iHxPDXBdMWy9MG+kH86H8yG++4vnoTODdWBpOQqNlah/8ArfYN/ScBvCx/KINpqyhHEUijlD0Nr946HyIsfWLYGwPQkgelif8A2E6PG0GalqYaXoH5VRTvozob0sVv3BYHG8G3zEooCW0qoB72ZnJPo2/cJMZpqnzvfwBgti9sbX6X7os5vOrzrhRR0Ub3ZQXcnB11LWUjpZFTHeTOVNYu1YBtvIN5SNmWYwIRuYAMvVuPL7yWsYDLtJCkgI9lxPDNTPa26ObAHbIztmHwvEBWVwwNipuD+/GeT4XnDPhrk5N+hK7alvkeEFK7I+kdvAwNR3HQ3/TacVSlceH+QWJH0Fl0M3QMTb3v95j4qoSwB3AF/Pcj0vb0mBOYsWT8NiFJu3SwLfrM9DmKuNRbtXNwSACb/lY7zjw49E3Kh5IuqR0SJNMzJxNgxawIJKjcFRsTfY/2jw5K69NgWIuAQuobgToWRN1x9zBxaL0yikJlYbgj99e6TVKTUladioDTPnfxIx/1NXzUemlf7CfRWafO/iJf/kVfNf1UGbY+TTFycrVDDXI9B7C0hXB9PrBQ5m5uanzYDchRjvsBPpIa1h5Tw/w7wYqVRe9k7Z8bEWHv9DPbsJlN70YZH2DV4YaIURqiQZls0xVjNdQTO6XicgMgltTjClpLSGwM1WniZGo9MepAHXqZ1GSZ6lPEuM2NSM3COFZUqakF+xUUf7iE9V/nQ3N18SRnc+M4EgkWXVpLAU806ib66f3Xpm21gC1XT8JxuVYBkPmpwZv4DiVqL8rSKT3L0aiMdC1BnSAblQ1tr2vbAg5NPUuO5qnZq+GnV2UuofAoVVOz02BNNj4gqUv3Mk7XK+ADcfUqsLKiUwrNtcrYt6Kje5nn+Vt8rikJQolUOrUzjQ43S3g6oR4FZ3ua13agKVFdT1Lp2bbEnUSegC6hc4GqcXUSazJR2Ul/jyUjwvOeO+dXqVBs7sV/pGE//IEzUKLubIjOe5FZz7Cej/h/DcN2HDcbX606YLU0PcR1/wCwP9MTxPHcSRpHDfLTonyHZR6MNI9FE71m2SgtvL2QHLpcrqE2sFI3BOpx5ol2HqIFeiq4vqbqQw0j2vf3HlD4jiazCztU0/ym6J/4iy/pM6maR1PeTXwIWRmWN5DvLImiAZokitRkjACrwBpg3Ra2Aww4tfvsw1Dw/wAg5V5xUC6QUXcdmlRSwxcCyXHneenanncjf6YnL4zgVY76b72tm2xz5mc8b/duOMzOnHBhYAqbrdg1wb7WDfhyB1tAfjbu2oaTgabhQCoAN7nBNh/mM/0CWIOo33sBuL/pt7S+J4Is2pCEwBpYGxIOcx0rspys28u4tSbVNTA4DdoG5PRuu/lnrPScz4qgiItEMtzc0yx0npgdDe+Z4qtRq01XSSTpOtcGw65Pdc+8RUqOUV2dc9nSey+MXC/mFuov4yNKk/Q01VHq63NHYsKZLAZVagS4t0NtzY9IHAcxfXd6bFCMqrBGOMFbg4x3H+3EoK4pmrYMlyD33ABI/fdMy83dcXHU9pRcGxsLi1+kyeHtFKkS1Z7ZuLpsABhiSBm4I8xjqNpx3+HjxPEtnSmhWd8BrgFQFuMkkLnoDOG/FOoVw4Ia7C3QqRi3Tce4m3hueBQO2AxAFzi17Fhjpv6gS4RlBp8ruS41wcGvwjqWQowIJUg9CDteJXhH6IxPcBcz1tDmIAfUA+sG5Nj1N2GfERnBU7uCqX3YAFQbW3/UfvEt5ZW0lsdUPotPVafrgP4Z5eaVLW1tT72INguynuObkeM7JM08Oq0rtUS6uVUrbDEmw0kfmzjYxnEUBoV1AVCt7uwDA3ZWU+NxFkuk4q759HC4ycnaMYxaXqkenc9g6/DZvQHf0hjh3vp0m9ibHGLXvnwBPpFuxOLXYreCUjKaE7DV/T2vpLfs/iIW2TdlFvOSLS/Ahkg/Lj1AOzIfJlMIoEYhiuLgkMGXIxlTJtBpdmPRAde7fw3muoqCw1kmxJARrLboe/0mb+IqmFIRjftZ17XxcXUdLj3k6k1sr+BqErHLwHEEXNR6QtcfMqOl/ISqvJyReoyIcFOJp20atwHK4t44YeMzn4hNEqQ9VxaxVQWFxbshmtYdr9Js4X4vpEWam6avxa9BU+dj9pjP612lsu6N/p0uTqcz4cPTQuoRwyN2f51Cqc9xUtnuVT0l06hCsqEX2ze5IW+kAEFj4AjznJ4zm6llVCpXpdlVV8M/ht7Q24EMgZ/lltT2NZnang7oiYffdj9bTF45SmnLZI0cNjz3Hcye5VUKWJFqigsP+lgieQW/iYunzauBiq6+CHQPZbCegqBXH+8q1GVtPzGoBeyLroBDi6g5vvjuxM9Xk9J1LUw1PTbWquK2m4uCUvqAIB2LWttPQhOHDj80ZOLRyW5vxJAvWqN/UQ3XxmapxDt+J2Phew9hibX4S3VW8Vvb9QDBHCzZaF/akvgjUcxllOZ034SZ6nCy1JApI595Jr+RJHqRVnacXvMtZMR2qQi4mJknRgIIjErWxYH3H0jHSJKZvL5KTHOEbcd2Olgb28r2jFRNGgopGcDBN985tMFzHKxhpFuA3L0amEYsvWysQAc5sMFrYuZza/KO2FWppVrdrSGOB3Y7p19RhIlzJprhlKTR52vy10Ufhe+q+knFjne3d9YPD0daMLBXUqNWNL3NrHxGJ6d6AYEEAjumTmFIJRfSoWym1gBa8dtlKZy6tB6TFGIJtqsL4Ude4DcQV4xhpOog74uLHYzLR5iysrsA57SsTuy2GD7zPTqgkBjYDF8kARpPuWej4bnjhR2i1jsRchji+cWiuJ46ooQ1NYuCwLHssCTnxsb+0ocsASm6AuH0FlbO9sWGSpO81NwNVj2r0wC6fK1uVUq2cE7MQdvCS3peyE5mehzJ0YsLs2381u8nGRjrNic5rBy6vodbEl1VgpvbIPsRkGZX5K/So1r3sT34tj0xF1+T1RvUDnc6Sb46nHahrT9BrT7nUTjAzayAmoG5Ts9onJAHQ39InjOJCHDX8c39xbM57curhgmqn4ENdbYtcgHwl8Ry3iQDcLa4Fg4bUTjA94bc2W5Rqi6nMmUizHzazW8v8eMg5/U1AaVZb7G97WtjxG4JvMFbl9RXCOArEKfBQbgE28QZtq/DvEKBpVHufyONQv1N7C3rE4QbtkWkaqXPyGDWZjswqBCNrYOQcXtgfeaeO5mjIGOk6rG5XtLk4/T9Z56pwrJq1KQAdJNtQDDcX2veHw2tgURRUvZiLG/YINx7W64aChFU4lJ19jdx3MhqUFfyi66cLqJJsO/SReZRzEAsVUC/4BoDWGx28vczT/C2qB3Ysls7bk7g32G2Y3hfh3UAzvoscqASQtrixvvc7+UHpS3Jc0xC8WpS4AJIYsLi2tc/h3nY+Huamox4fW6rWUICxB0VSDoZelr2Uj82vO05HA8uLVGTViz6je9+gJAxqyY1+UvRamyuhIcFQCdVwVKscbAge8TUWqNNfY7nBc9K7uyOBZkVs3Fr4/6nvt5R38dRibknqAwBI3/Cd5xeb8kdq9V6bLZmaopN862LhB5XtOW/Kq6As4QBepf6AbxwqtmJzTe56vguecOrEOocHYGmGswIxq3se17jxnRTm3BMQGp001YW1Rwb9bgHHr3T5w1OppL/AC20jd7NpHmekPhteq5RlG93UlTtYdrB/wAS2thfp8H0ZK/CMbaWtYW01L5Pcf7xCpwr37VRBcgNrRhceGnw7/aeY5JxdN0emyH5hvpZEReoF79LWB9TFVqaj5qs7/7TFcAMr2BOeq48+szurTCoPsd35I/KCR0Opf7STk1q1dTZfw2GnSo06SARbPcRJMLl5QVHwjo1JWqXVWAqzqo5ggLy3pxlNIwiTwTZz2owkpTWVkCw1DsUtLMalKGohKIOQrJ8uZua0gaT+X3E3CDWphlK94IiT3GnueB/091A7ift/aKr8KROq6FWta3aIJPT065xKNMnpqHeN894nTR0WdXlNS1FATsLexM1HiCck38TvOZSfSoA/e8JX+0hxMmtzpDiZHrXFr28fXac+8gJi0i0m53uLAC5IF/M9TOitTxv4zjUzNlAzOUafoUuDoVEDjy/djNKAAADoJkpzQhmdK7Jvag9CkEFVIbcECx8++c3huWJScsikBwfHSbg2HcP7TpCWZVgpNCTBIjmSRkibAzLRXJCqD2TcKATbAuRI6A2JAJGx7vKN0wXElbDcmxDtF1XvggEdQciOZJldZcQItUbAADutiOqBXGlxqB6GY2p5jUBlbAxFD4f0PrFRNBDWVGLVBnZsYj6HJUUsSWcMblWtbwvYZtczXTeGXxBq9xuUmYanJqRN/8AcGALCo4GABjPhJNeqSIWp+TOFvLFOHTEaBG2KwEX9+kFhHhYtlisBQEu0mmGqxNgRFhhYSJGBYgAUSoUq0dAc/juWo5udQubnSbZ7/AzI3BKvVvW1/e07RWY+Ipy4yfkpSZyKi5xBRZoqUswUTM0suwQkeiR1OnHpTmbkS5GZac00llssimJuyGzYkYGEyh8QWqGTQG0vItSYGqSxVhQqOmGvCaYqVWPDyWhhmLeGWlQAWVimpzRAMAMzUpFpzYFxAdIWKzNeQiG6yKJdjAvJC0SQsBaxqySRsBvSDJJIBAmEJJI2JhrLWSSCEC0gkklFFjeIqSSRIDBV3iTKkllo1UZpEuSZy5IZTbRTSSRgQSpJIAC0hlyRgNpTQskkkA1hCSSQwIJGkkggCWRpJIwEVIsSSSgJJJJGB//2Q==');
INSERT INTO `Employee` (`employeeID`,`employeeName`,`employeeIDPhoto`) VALUES (5,'Conor', '/9j/4AAQSkZJRgABAQAAAQABAAD/2wCEAAoHCBUVFRgWFRISERgYHBUYGBISEhEREhgYGBgZGRgYGBgcIS4lHB4rHxgYJjgmLDAxNjU1GiQ7QDs0Py40NTEBDAwMEA8QHhISHjYjISE0NDQxNDU0ND80MTQ0NDQ0MTQ0NDE0NDY1MTE0NDQ0NDQ0NDQ0NDQ0NDY2MTQxNDQ0Nf/AABEIAMIBAwMBIgACEQEDEQH/xAAcAAACAwEBAQEAAAAAAAAAAAACAwABBAUGBwj/xAA6EAACAQMCAwYEBAUEAgMAAAABAgADESESMQQFQSJRYXGBkQYTscEyQqHwFVJy0eEUI2KCkrIkQ6L/xAAZAQADAQEBAAAAAAAAAAAAAAAAAQIDBAX/xAArEQACAgEDBAEDAwUAAAAAAAAAAQIRAxIhMQRBUWGBE3GxIkLwBTKRocH/2gAMAwEAAhEDEQA/APIBIGjM06cygkwUjnsWftA0XvNBSQJDUFmZ0lCaSt4kpGpAmCBIBDVJLR2FidMGOO3vA05lWMJJoTY+X3mZY0bDzP2ksTGEfaA8vXB3kgLIizHMMQCk0TGhZMdSFx7/AEi9MNWt7D6QGyXhqIlZopC8TRLNCYAgtkQ1WQrYSGxCLQ2GYVoBMAAeDqlVDmBeUkUNVt4tjKEhOB6ykgAY4lK0kphmOhmmk98S2mdHsYav+/WTpFRckp3zJKodG8LKIjJdsTmMhF5IRFveURGANoBjXGIpd40NBKJRSXeFC6AVowYsr18Zo0ynSNSGmZykYoxGFJNEeoLE6cw1WGaf79JQisLFuOkC+DHP3xWmUmNAWktHfLlMkdhYq31jqOIurv6wkO0bdjNy2gVGtFF4p3vI0k0Gz3z5RZeKLyMdpaiVQ12x6xF5ciiVQFrIReVbMZaIAEWUywpbCACTIsYySgkdjKvJL0yR2B0VN/0jgsFEh3nJZkJdYJOIxmgERgC+3tMhvNj7RNsS4lIGkd45RFotjHgRSYmVaWBLkkiLIi2jjFGAAhpRHZ/f76SMISi8tDFqIB3j2WIdYJjQwHaQLLS140LiDExGmAyWmnTAcRqQJmVniWePqiZXmsdzREDQmMC8pzvLoqhivGrEIcR6SGSwgtz7QgM/r+sYqbS9ODM7JszkQgLn2jHWDt+kpMLCdYqG5lWzHYwNMkfiSAWdBsRbmEz3i2nKYgGQy9MkooB2goJKkEG0pIYxYZaILSaoaQobeGIpYxTFQi2i6hz7fSMUxb5MQEEYqwEEdE2Jg6cRWnPofpNBGIBWNSGmLppGiRBaWdo3IGwTM7maGEU6RRYIyu0y1Mmba6YmMCxnTE1iAgyfCRllKYbbzQooR1IwGXAPnLWTJCZtR5Km0UjdkeZ+0PXewmbiRRSyMMQS9jCLfSKgoWDvKLSr/eWoxLoqg9Mku0qTYjeVzC0TQ9EqSDggkEeINjLCTmMxGmJqLNjpEMhJAALE2AAFySeggthIyOIu06XMeXPR069ALg2VW1MLDN8WHSc5+kuMlJXF2i6BjEG0ErHIJTYmWqZHnCGCPOWptKtken1iTELLRdWsqjUxsJbnSCTsJ1fgnkY42s1SoA1KlYaG2dzlQR1AGT5iRlnHHB5JcL/fo0x49ToRy7lHG1lDLQVEI1K1aotPUvQhctY99p7PhvgqkUVm4hySAeyiAC4vbJN5OdcIyFuIYBmpK2g62VcgqpZRg2vv4Rf+tZQAHYAWAyRtieS/6hKS1JKn47ejphghKWmTUfbD4j4Gv+DiR4K9Ow/8lJ+k4XH/AA7xFDtPT1IN3pnWg87ZX1AnoaPOKg66xvm17CdThOfrcB+wc742wZUOtly06Fk6ZR4aftM+Zyp6/wCKOAov26QVH3ZUsFbrcr0PiPUdR5Az0YvVFS8nNPHKCTfD4Lg7mWdvWCPtLRmhbpMTJn1m4NMrkZm0DWJiqpaCIysMxbTcsZfHvJeUpltAQWvpBSpYwGMUcmFBRp13MZrxMamFqioKH3jUbFvKZbxqNFJAzXpki9ckzomj2KMtcBWslT8r2sr/APFvHx/ZwVKLIxVhpI6RYnf4dxXQXt8xLWY7HzHUHrOHI/pPV+38Er9X3OGyzscl4HSPmsMm4TwHVvX6ecztwBauEA0hrH+ldz9/0noKpCkKALDYdMeE5euzpY1GPf8AA4Rtni+b1TVqM17gdlfIfsn1nN+V+/SdrmHEfMctgAYUKAot328d4PD8rqOLqlh/MxCL7nf0nbiqEEntSJfO25yGT9+ksrNvE8KUwWRj3Iwe3naI0zRNS3RLFIsb8uGE28vuY0WAJOwBJ8gM/SNDONxatUqJw9MandkW18anwoPcOpPdPtXwz8PJwfDrRU62uWepa2t23NugwAB3AT5F8AOH5pTdj0rOP6vlsAPYn2E+4LXnL12WMUscuOTuxQaWxn47g1dHRgCrqysD1DCxnzn4ho/6dgiVGc2uVcKwUHa7fiv6z6gal583+NuHC8SWH50Rj5i6fRROLpccJZK7eB5708Hnl49h0HoSI/8AixIsy6h4m/72mQ04Pyp6kMcMbuKPOkr/AJQvjuKcEMnzLYOGBI9OsL5mrtWsTv5wzTlMTgHpgbbXJ+pMpy7HZPqnkxaJq2qp99gScSusMiLaCORCWSZKwtNdR7TI73m8DWIiobkyrSNKvNmyxj7+n+Zdsen3gBv36QnP2iQhTCUBYywf35CC7SkMHrCJgqJTCMA1MJWgdZZEloBweXEapIqFR7yhwKNg1qanFtyPc2jjw78O4LDBxcfhI8/1mBDOxywrUvTfJ02RuthnT9xPPyRlpak7TM402dThimX/ADabemTb9+E53Es73VAWZsDuA6knpi8HhnPaW99wSPA2h8RxZRLLbUx3tmw2/X7TxoQc8qXNf84NnsjPT4ZaYJVVquty1SpYUUtuc727z3dJy+J4t6mWqaxt2WunpbEJna5JZiTubm5i9M9iEJJ3J2YtqqQkLKdM+00MsEpNiRInO+IeL0UrdX7Itvbr9p19M8j8U1dddKdwqqouxuQNRySB3ACXj3kXBWzHyDm54aulUC+gnb/kLH9CZ9h5X8SpVF0qK3/G9mHmJ8JZRYnx3jPmspFmK9ldiR+UTHq+hj1FNumjuhl0qj9FpzYW/wAzx3OeYrxNQupDIBoVhkEKTcjwvf0tPmScdWK6PmvZsaS5AN8ZuZ7rldEpSpqRYqqgjx05/WYYOg+g3Ju3wjLqMuqKSD+XJ8qaBLtOqjjMwpzO6zc6zHVEekkU0RUGfQfSNaKrb47h9BGikYuJeZbx/EIYlCVIINrHe2rHXHUeHWbxqjWIJaxB6jOdsRxAR0fJQlXU96hsjzFiD4iHxPDXBdMWy9MG+kH86H8yG++4vnoTODdWBpOQqNlah/8ArfYN/ScBvCx/KINpqyhHEUijlD0Nr946HyIsfWLYGwPQkgelif8A2E6PG0GalqYaXoH5VRTvozob0sVv3BYHG8G3zEooCW0qoB72ZnJPo2/cJMZpqnzvfwBgti9sbX6X7os5vOrzrhRR0Ub3ZQXcnB11LWUjpZFTHeTOVNYu1YBtvIN5SNmWYwIRuYAMvVuPL7yWsYDLtJCkgI9lxPDNTPa26ObAHbIztmHwvEBWVwwNipuD+/GeT4XnDPhrk5N+hK7alvkeEFK7I+kdvAwNR3HQ3/TacVSlceH+QWJH0Fl0M3QMTb3v95j4qoSwB3AF/Pcj0vb0mBOYsWT8NiFJu3SwLfrM9DmKuNRbtXNwSACb/lY7zjw49E3Kh5IuqR0SJNMzJxNgxawIJKjcFRsTfY/2jw5K69NgWIuAQuobgToWRN1x9zBxaL0yikJlYbgj99e6TVKTUladioDTPnfxIx/1NXzUemlf7CfRWafO/iJf/kVfNf1UGbY+TTFycrVDDXI9B7C0hXB9PrBQ5m5uanzYDchRjvsBPpIa1h5Tw/w7wYqVRe9k7Z8bEWHv9DPbsJlN70YZH2DV4YaIURqiQZls0xVjNdQTO6XicgMgltTjClpLSGwM1WniZGo9MepAHXqZ1GSZ6lPEuM2NSM3COFZUqakF+xUUf7iE9V/nQ3N18SRnc+M4EgkWXVpLAU806ib66f3Xpm21gC1XT8JxuVYBkPmpwZv4DiVqL8rSKT3L0aiMdC1BnSAblQ1tr2vbAg5NPUuO5qnZq+GnV2UuofAoVVOz02BNNj4gqUv3Mk7XK+ADcfUqsLKiUwrNtcrYt6Kje5nn+Vt8rikJQolUOrUzjQ43S3g6oR4FZ3ua13agKVFdT1Lp2bbEnUSegC6hc4GqcXUSazJR2Ul/jyUjwvOeO+dXqVBs7sV/pGE//IEzUKLubIjOe5FZz7Cej/h/DcN2HDcbX606YLU0PcR1/wCwP9MTxPHcSRpHDfLTonyHZR6MNI9FE71m2SgtvL2QHLpcrqE2sFI3BOpx5ol2HqIFeiq4vqbqQw0j2vf3HlD4jiazCztU0/ym6J/4iy/pM6maR1PeTXwIWRmWN5DvLImiAZokitRkjACrwBpg3Ra2Aww4tfvsw1Dw/wAg5V5xUC6QUXcdmlRSwxcCyXHneenanncjf6YnL4zgVY76b72tm2xz5mc8b/duOMzOnHBhYAqbrdg1wb7WDfhyB1tAfjbu2oaTgabhQCoAN7nBNh/mM/0CWIOo33sBuL/pt7S+J4Is2pCEwBpYGxIOcx0rspys28u4tSbVNTA4DdoG5PRuu/lnrPScz4qgiItEMtzc0yx0npgdDe+Z4qtRq01XSSTpOtcGw65Pdc+8RUqOUV2dc9nSey+MXC/mFuov4yNKk/Q01VHq63NHYsKZLAZVagS4t0NtzY9IHAcxfXd6bFCMqrBGOMFbg4x3H+3EoK4pmrYMlyD33ABI/fdMy83dcXHU9pRcGxsLi1+kyeHtFKkS1Z7ZuLpsABhiSBm4I8xjqNpx3+HjxPEtnSmhWd8BrgFQFuMkkLnoDOG/FOoVw4Ia7C3QqRi3Tce4m3hueBQO2AxAFzi17Fhjpv6gS4RlBp8ruS41wcGvwjqWQowIJUg9CDteJXhH6IxPcBcz1tDmIAfUA+sG5Nj1N2GfERnBU7uCqX3YAFQbW3/UfvEt5ZW0lsdUPotPVafrgP4Z5eaVLW1tT72INguynuObkeM7JM08Oq0rtUS6uVUrbDEmw0kfmzjYxnEUBoV1AVCt7uwDA3ZWU+NxFkuk4q759HC4ycnaMYxaXqkenc9g6/DZvQHf0hjh3vp0m9ibHGLXvnwBPpFuxOLXYreCUjKaE7DV/T2vpLfs/iIW2TdlFvOSLS/Ahkg/Lj1AOzIfJlMIoEYhiuLgkMGXIxlTJtBpdmPRAde7fw3muoqCw1kmxJARrLboe/0mb+IqmFIRjftZ17XxcXUdLj3k6k1sr+BqErHLwHEEXNR6QtcfMqOl/ISqvJyReoyIcFOJp20atwHK4t44YeMzn4hNEqQ9VxaxVQWFxbshmtYdr9Js4X4vpEWam6avxa9BU+dj9pjP612lsu6N/p0uTqcz4cPTQuoRwyN2f51Cqc9xUtnuVT0l06hCsqEX2ze5IW+kAEFj4AjznJ4zm6llVCpXpdlVV8M/ht7Q24EMgZ/lltT2NZnang7oiYffdj9bTF45SmnLZI0cNjz3Hcye5VUKWJFqigsP+lgieQW/iYunzauBiq6+CHQPZbCegqBXH+8q1GVtPzGoBeyLroBDi6g5vvjuxM9Xk9J1LUw1PTbWquK2m4uCUvqAIB2LWttPQhOHDj80ZOLRyW5vxJAvWqN/UQ3XxmapxDt+J2Phew9hibX4S3VW8Vvb9QDBHCzZaF/akvgjUcxllOZ034SZ6nCy1JApI595Jr+RJHqRVnacXvMtZMR2qQi4mJknRgIIjErWxYH3H0jHSJKZvL5KTHOEbcd2Olgb28r2jFRNGgopGcDBN985tMFzHKxhpFuA3L0amEYsvWysQAc5sMFrYuZza/KO2FWppVrdrSGOB3Y7p19RhIlzJprhlKTR52vy10Ufhe+q+knFjne3d9YPD0daMLBXUqNWNL3NrHxGJ6d6AYEEAjumTmFIJRfSoWym1gBa8dtlKZy6tB6TFGIJtqsL4Ude4DcQV4xhpOog74uLHYzLR5iysrsA57SsTuy2GD7zPTqgkBjYDF8kARpPuWej4bnjhR2i1jsRchji+cWiuJ46ooQ1NYuCwLHssCTnxsb+0ocsASm6AuH0FlbO9sWGSpO81NwNVj2r0wC6fK1uVUq2cE7MQdvCS3peyE5mehzJ0YsLs2381u8nGRjrNic5rBy6vodbEl1VgpvbIPsRkGZX5K/So1r3sT34tj0xF1+T1RvUDnc6Sb46nHahrT9BrT7nUTjAzayAmoG5Ts9onJAHQ39InjOJCHDX8c39xbM57curhgmqn4ENdbYtcgHwl8Ry3iQDcLa4Fg4bUTjA94bc2W5Rqi6nMmUizHzazW8v8eMg5/U1AaVZb7G97WtjxG4JvMFbl9RXCOArEKfBQbgE28QZtq/DvEKBpVHufyONQv1N7C3rE4QbtkWkaqXPyGDWZjswqBCNrYOQcXtgfeaeO5mjIGOk6rG5XtLk4/T9Z56pwrJq1KQAdJNtQDDcX2veHw2tgURRUvZiLG/YINx7W64aChFU4lJ19jdx3MhqUFfyi66cLqJJsO/SReZRzEAsVUC/4BoDWGx28vczT/C2qB3Ysls7bk7g32G2Y3hfh3UAzvoscqASQtrixvvc7+UHpS3Jc0xC8WpS4AJIYsLi2tc/h3nY+Huamox4fW6rWUICxB0VSDoZelr2Uj82vO05HA8uLVGTViz6je9+gJAxqyY1+UvRamyuhIcFQCdVwVKscbAge8TUWqNNfY7nBc9K7uyOBZkVs3Fr4/6nvt5R38dRibknqAwBI3/Cd5xeb8kdq9V6bLZmaopN862LhB5XtOW/Kq6As4QBepf6AbxwqtmJzTe56vguecOrEOocHYGmGswIxq3se17jxnRTm3BMQGp001YW1Rwb9bgHHr3T5w1OppL/AC20jd7NpHmekPhteq5RlG93UlTtYdrB/wAS2thfp8H0ZK/CMbaWtYW01L5Pcf7xCpwr37VRBcgNrRhceGnw7/aeY5JxdN0emyH5hvpZEReoF79LWB9TFVqaj5qs7/7TFcAMr2BOeq48+szurTCoPsd35I/KCR0Opf7STk1q1dTZfw2GnSo06SARbPcRJMLl5QVHwjo1JWqXVWAqzqo5ggLy3pxlNIwiTwTZz2owkpTWVkCw1DsUtLMalKGohKIOQrJ8uZua0gaT+X3E3CDWphlK94IiT3GnueB/091A7ift/aKr8KROq6FWta3aIJPT065xKNMnpqHeN894nTR0WdXlNS1FATsLexM1HiCck38TvOZSfSoA/e8JX+0hxMmtzpDiZHrXFr28fXac+8gJi0i0m53uLAC5IF/M9TOitTxv4zjUzNlAzOUafoUuDoVEDjy/djNKAAADoJkpzQhmdK7Jvag9CkEFVIbcECx8++c3huWJScsikBwfHSbg2HcP7TpCWZVgpNCTBIjmSRkibAzLRXJCqD2TcKATbAuRI6A2JAJGx7vKN0wXElbDcmxDtF1XvggEdQciOZJldZcQItUbAADutiOqBXGlxqB6GY2p5jUBlbAxFD4f0PrFRNBDWVGLVBnZsYj6HJUUsSWcMblWtbwvYZtczXTeGXxBq9xuUmYanJqRN/8AcGALCo4GABjPhJNeqSIWp+TOFvLFOHTEaBG2KwEX9+kFhHhYtlisBQEu0mmGqxNgRFhhYSJGBYgAUSoUq0dAc/juWo5udQubnSbZ7/AzI3BKvVvW1/e07RWY+Ipy4yfkpSZyKi5xBRZoqUswUTM0suwQkeiR1OnHpTmbkS5GZac00llssimJuyGzYkYGEyh8QWqGTQG0vItSYGqSxVhQqOmGvCaYqVWPDyWhhmLeGWlQAWVimpzRAMAMzUpFpzYFxAdIWKzNeQiG6yKJdjAvJC0SQsBaxqySRsBvSDJJIBAmEJJI2JhrLWSSCEC0gkklFFjeIqSSRIDBV3iTKkllo1UZpEuSZy5IZTbRTSSRgQSpJIAC0hlyRgNpTQskkkA1hCSSQwIJGkkggCWRpJIwEVIsSSSgJJJJGB//2Q==');

INSERT INTO `Capability` (`capabilityID`,`capabilityName`,`capabilityLeadID`,`capabilityLeadMessage`) VALUES (1,'Engineering',1,'Come join the Engineering team');
INSERT INTO `Capability` (`capabilityID`,`capabilityName`,`capabilityLeadID`,`capabilityLeadMessage`) VALUES (2,'Artificial Intelligence',2,'Come join the Artifical Intelligence team');
INSERT INTO `Capability` (`capabilityID`,`capabilityName`,`capabilityLeadID`,`capabilityLeadMessage`) VALUES (3,'Platforms',3,'Come join the Platforms team');
INSERT INTO `Capability` (`capabilityID`,`capabilityName`,`capabilityLeadID`,`capabilityLeadMessage`) VALUES (4,'Data',4,'Come join the Data team');
INSERT INTO `Capability` (`capabilityID`,`capabilityName`,`capabilityLeadID`,`capabilityLeadMessage`) VALUES (5,'Cyber Security',5,'Come join the Cyber Security team');

INSERT INTO JobFamily (capabilityID, jobFamilyName, disciplineLeadID) VALUES (1, 'Testing And Quality Assurance', 1);
INSERT INTO JobFamily (capabilityID, jobFamilyName, disciplineLeadID) VALUES (1, 'Engineering', 2);
INSERT INTO JobFamily (capabilityID, jobFamilyName, disciplineLeadID) VALUES (2, 'Artificial Intelligence (AI) Engineering', 3);
INSERT INTO JobFamily (capabilityID, jobFamilyName, disciplineLeadID) VALUES (3, 'Platform Architecture', 4);
INSERT INTO JobFamily (capabilityID, jobFamilyName, disciplineLeadID) VALUES (4, 'Data Engineering', 4);
INSERT INTO JobFamily (capabilityID, jobFamilyName, disciplineLeadID) VALUES (5, 'Security Engineering', 1);

INSERT INTO Role VALUES (1, 'Test Engineer', 1, 1, 2, 'https://kainossoftwareltd.sharepoint.com/:b:/g/people/EcGbc8drFRlBoh2H2BZSeVwBV1tAiDCTwirdTmrz2EYYmQ?e=XMqXJh', 'Developing and executing functional automated and manual tests');
INSERT INTO Role VALUES (2, 'Software Engineer', 1, 2, 3, 'https://kainossoftwareltd.sharepoint.com/:b:/g/people/EYTCv1ssl6pOuH59zXtoF9YB8qNaEMNSkZIkCthDAY5Kjg?e=Ht84rW', 'Developing high quality programming solutions');
INSERT INTO Role VALUES (3, 'Apprentice AI Engineer', 2, 3, 1, 'https://kainossoftwareltd.sharepoint.com/:b:/g/people/Eci7E2WouKdNr5A-q3F9f8wBe9UEdviulHqKp0LVh3BH3A?e=gEI9JV', 'The development of high-quality solutions which integrate AI and ML technologies');
INSERT INTO Role VALUES (4, 'Principal Architect', 3, 4, 7, 'https://kainossoftwareltd.sharepoint.com/:b:/g/people/EUEaCumLhexMqe_9rYGIFTcBTo5HQ32RMCwkCXotBkbUMA?e=c2bOQH', 'Leading the delivery of cloud platforms and solutions');
INSERT INTO Role VALUES (5, 'Senior AI Engineer', 2, 3, 4, 'https://kainossoftwareltd.sharepoint.com/:b:/g/people/EWi__EluLhNIvhHUYsUb9noBwzGggNoYcTzOZD4NAeNhHg?e=VJqYaX', 'High quality solutions that use AI and ML technologies');
INSERT INTO Role VALUES (6, 'Data Solution Architect', 4, 5, 6, 'https://kainossoftwareltd.sharepoint.com/:b:/g/people/ER9Yw1LY54BGiRwVdhQ6lBsBZw197GfKWANwdUX4ewDrqw?e=0sR4gp', ' leading multi-skilled agile teams to design and deliver contemporary data solutions');
INSERT INTO Role VALUES (7, 'Security Architect', 5, 6, 5, 'https://kainossoftwareltd.sharepoint.com/:b:/g/people/EdRkobDAJwFIkZb5dfSv9qoBcCxBoPEaetYh57zkRO2eWg?e=rDHSDs', 'Design and application of good security practices');
INSERT INTO Role VALUES (8, 'AI Engineering Manager', 2, 3, 5, 'https://kainossoftwareltd.sharepoint.com/:b:/g/people/ETcAlrQyGxVCn45P589uloABjPotEWVVzIAQg0wGdP5gMw?e=BsJOte', 'Successful delivery of large-scale high-quality solutions that use AI and ML technologies');
INSERT INTO Role VALUES (9, 'Data Engineer', 4, 5, 3, 'https://kainossoftwareltd.sharepoint.com/:b:/g/people/EQu32o-ppGZFnvPigrc7At0BG2xsyvAAEQ8OlhssUHsMvQ?e=lKPzM7', 'Design and develop large-scale data processing software');
INSERT INTO Role VALUES (10, 'Senior Platform Engineer', 3, 4, 4, 'https://kainossoftwareltd.sharepoint.com/:b:/g/people/EQnPQ8NzxulCj-opU2QVe8UBtItlrDw4YY0v5HTNnrOAbA?e=jOcehE', 'Leading with the design of significant components of a modern digital service platform');

INSERT INTO Responsibility (`roleID`, `responsibility`) VALUES (1, "As a Test Engineer (Trainee) in Kainos, you’ll work within a multi-skilled agile team, developing and executing functional automated and manual tests to help the team deliver working application software that meets user needs.");
INSERT INTO Responsibility (`roleID`, `responsibility`) VALUES (2, "As a Trainee Software Engineer with Kainos, you will work on projects where you can make a real difference to people’s lives – the lives of people you know. After taking part in our award-winning, seven-week Engineering Academy, you will then join one of our many project teams, to learn from our experienced developers, project managers and customer-facing staff.");
INSERT INTO Responsibility (`roleID`, `responsibility`) VALUES (3, "As a Trainee Artificial Intelligence (AI) Engineer in Kainos, you’ll be responsible for contributing to the development of high-quality solutions which integrate AI and ML technologies that delight our customers and impact the lives of users worldwide.");
INSERT INTO Responsibility (`roleID`, `responsibility`) VALUES (4, "As a Principal Architect (Principal) in Kainos, you’ll be accountable for successful delivery of large-scale high-quality solutions which delight our customers and impact the lives of users worldwide.");
INSERT INTO Responsibility (`roleID`, `responsibility`) VALUES (5, "As a Senior Artificial Intelligence (AI) Engineer in Kainos, you’ll be responsible for developing high  quality  solutions  that  use  AI  and  ML  technologies  which  delight  our  customers  and  impact the lives of users worldwide.");
INSERT INTO Responsibility (`roleID`, `responsibility`) VALUES (6, "As a Data Solution Architect (Manager) in Kainos, you’ll be responsible for leading multi-skilled agile teams to design and deliver contemporary data solutions. You will be a quality-driven pragmatist, where you balance trade-offs to successfully deliver complex solutions. You will be viewed as an authority figure for data technology solutions, providing strong technical and thought leadership.");
INSERT INTO Responsibility (`roleID`, `responsibility`) VALUES (7, "As a Security Architect (Consultant) in Kainos, you’ll be responsible for the design and application of good security practices in the platforms and services we build for our customers");
INSERT INTO Responsibility (`roleID`, `responsibility`) VALUES (8, "As an Artificial Intelligence (AI) Engineer Manager in Kainos, you’ll be responsible for successful delivery of large-scale high-quality solutions that use AI and ML technologiesthat delight our customers and impact the lives of users worldwide.");
INSERT INTO Responsibility (`roleID`, `responsibility`) VALUES (9, "Working to develop data processing software primarily for deployment in Big Data technologies. The role encompasses the full software lifecycle including design, code, test and defect resolution.");
INSERT INTO Responsibility (`roleID`, `responsibility`) VALUES (10, "As a Senior Platform Engineer (Senior Associate) in Kainos, you’ll be responsible for leading with the design of significant components of a modern digital service platform including its automation, build, deployment and support.");


INSERT INTO Responsibility (`roleID`, `responsibility`) VALUES (1, "This is a sample responsibility");


INSERT INTO `Competency` (competencyName, bandID, description) VALUES (
'Personal Performance', 1,
'Developing self-awareness: Understands own strengths and areas of development. Self-aware of own wellbeing and seeks support where appropriate. Managing yourself: Works with People Manager to sets and achieve goals by monitoring progress regularly against performance.Continuing personal development: Flexible and willingness to learn on the job while proactively keeping up to date with the knowledge and skills needed.Acting with integrity: Understands the company values and applies this to own principles. Is open and honest and acts respectfully with others and customers.'
);

INSERT INTO `Competency` (competencyName, bandID, description) VALUES (
'Working with Others', 1,
'Mobilises self and others to drive self-improvement: Understand how to respond constructively to developmental feedback from a diverse range of people and implement changes as a result.Champions continuous improvement: Displays high levels of enthusiasm, energy and pace to achieve performance and results.Developing networks and building and maintaining relationships: Recognises the need to build internal networks within immediate teams and projects. Working within teams: Respects others by attending meetings on time and contributing where appropriate. Recognising how current role relates to others within Capability and project.
'
);

INSERT INTO `Competency` (competencyName, bandID, description) VALUES (
'Personal Performance', 7, 'Sample Text'
);

INSERT INTO `Competency` (competencyName, bandID, description) VALUES (
'Setting Direction, Development and Accountability', 7, 'Sample Text'
);

INSERT INTO `Competency` (competencyName, bandID, description) VALUES (
'Commerciality and Risk', 7, 'Sample Text'
);

INSERT INTO `Competency` (competencyName, bandID, description) VALUES (
'Communicating and Influence', 7, 'Sample Text'
);

INSERT INTO `Training` (`trainingName`, `trainingLink`, `trainingType`) VALUES ('Mindset Modules', 'https://kainossoftwareltd.sharepoint.com/L%26D/SitePages/Mindset.aspx', 'Professional Skills');
INSERT INTO `Training` (`trainingName`, `trainingLink`, `trainingType`) VALUES ('Effective Time Management', 'https://kainossoftwareltd.sharepoint.com/L%26D/SitePages/Time-Management.aspx', 'Professional Skills');
INSERT INTO `Training` (`trainingName`, `trainingLink`, `trainingType`) VALUES ('Presenting With Impact ', 'https://kainossoftwareltd.sharepoint.com/L%26D/SitePages/Presenting-with-Impact.aspx', 'Professional Skills');
INSERT INTO `Training` (`trainingName`, `trainingLink`, `trainingType`) VALUES ('Java Development', 'http://jer.metapath.org/JavaCourse/', 'Technical skills');
INSERT INTO `Training` (`trainingName`, `trainingLink`, `trainingType`) VALUES ('Managing Change', 'https://kainossoftwareltd.sharepoint.com/L%26D/SitePages/Managing-Change.aspx', 'Development programmes');


INSERT INTO `TrainingBand` (`trainingID`, `bandID`) VALUES ('1', '1');
INSERT INTO `TrainingBand` (`trainingID`, `bandID`) VALUES ('1', '2');
INSERT INTO `TrainingBand` (`trainingID`, `bandID`) VALUES ('1', '3');
INSERT INTO `TrainingBand` (`trainingID`, `bandID`) VALUES ('1', '4');
INSERT INTO `TrainingBand` (`trainingID`, `bandID`) VALUES ('1', '5');
INSERT INTO `TrainingBand` (`trainingID`, `bandID`) VALUES ('1', '6');
INSERT INTO `TrainingBand` (`trainingID`, `bandID`) VALUES ('1', '7');
INSERT INTO `TrainingBand` (`trainingID`, `bandID`) VALUES ('2', '3');
INSERT INTO `TrainingBand` (`trainingID`, `bandID`) VALUES ('2', '4');
INSERT INTO `TrainingBand` (`trainingID`, `bandID`) VALUES ('2', '5');
INSERT INTO `TrainingBand` (`trainingID`, `bandID`) VALUES ('3', '2');
INSERT INTO `TrainingBand` (`trainingID`, `bandID`) VALUES ('3', '3');
INSERT INTO `TrainingBand` (`trainingID`, `bandID`) VALUES ('3', '4');
INSERT INTO `TrainingBand` (`trainingID`, `bandID`) VALUES ('3', '5');
INSERT INTO `TrainingBand` (`trainingID`, `bandID`) VALUES ('4', '1');
INSERT INTO `TrainingBand` (`trainingID`, `bandID`) VALUES ('4', '2');
INSERT INTO `TrainingBand` (`trainingID`, `bandID`) VALUES ('4', '3');
INSERT INTO `TrainingBand` (`trainingID`, `bandID`) VALUES ('4', '4');
INSERT INTO `TrainingBand` (`trainingID`, `bandID`) VALUES ('4', '5');
INSERT INTO `TrainingBand` (`trainingID`, `bandID`) VALUES ('4', '6');
INSERT INTO `TrainingBand` (`trainingID`, `bandID`) VALUES ('4', '7');
INSERT INTO `TrainingBand` (`trainingID`, `bandID`) VALUES ('5', '4');
INSERT INTO `TrainingBand` (`trainingID`, `bandID`) VALUES ('5', '5');
INSERT INTO `TrainingBand` (`trainingID`, `bandID`) VALUES ('5', '6');
INSERT INTO `TrainingBand` (`trainingID`, `bandID`) VALUES ('5', '7');
